﻿Spotify URI,Track Name,Artist Name,Album Name,Disc Number,Track Number,Track Duration (ms),Added By,Added At
"spotify:track:3vBJYnujT3yxLjLEG1jtDS","Music Is Math","Boards of Canada","Geogaddi","1","2","321453","spotify:user:yaydevally","2016-11-04T14:27:46Z"
"spotify:track:0BSJ1iQEmGibLCPMHGtdo7","Lost In Thought","Jon Hopkins","Opalescent","1","5","376733","spotify:user:yaydevally","2016-11-04T14:27:46Z"
"spotify:track:6FX4bnL4wZWheKbftUUFVz","Find Your Cloud","Papadosio","T.E.T.I.O.S.","2","6","516746","spotify:user:yaydevally","2016-11-04T14:28:10Z"
"spotify:track:0jS8kEsKM66nS11LLElFcg","Milla’s Dream","Parov Stelar","Siddharta - Dubaï","1","2","220226","spotify:user:yaydevally","2016-11-04T14:28:10Z"
"spotify:track:6pV1MNiGYYZPNNWnzCHaDp","Say Sumthin","Kev Brown","I Do What I Do (Instrumentals)","1","3","183906","spotify:user:yaydevally","2016-11-04T14:28:10Z"
"spotify:track:5zYgFOCkYxPbfzq0PYoUR6","Easy Muffin","Amon Tobin","Bricolage","1","2","271253","spotify:user:yaydevally","2016-11-04T14:28:10Z"
"spotify:track:2pLBnncte8HnrPKM2D6ag5","Slowly","Amon Tobin","Supermodified","1","3","337506","spotify:user:yaydevally","2016-11-04T14:28:10Z"
"spotify:track:3t7ubv3jEoV1twd5DJPwAJ","Nices Wölkchen (feat. Apparat)","DJ Koze","Amygdala","1","2","331093","spotify:user:yaydevally","2016-11-04T14:28:10Z"
"spotify:track:6O7qFEXmLQcOsV37wrgJDz","Muy Tranquilo","Gramatik","SB3","1","10","233755","spotify:user:yaydevally","2016-11-04T14:28:10Z"
"spotify:track:4liKKNIFAWcT9HCAezQ4z4","Eine Kleine Hedmusik","Coldcut","Ninja Cuts - Funkjazztical Tricknology","1","16","250400","spotify:user:yaydevally","2016-11-04T14:28:10Z"
"spotify:track:6cV261MfsqV6HY8SOZW6wu","Return to Margin - Afterlife Remix","Coldcut","TOP 40 Chillout Classic Bar Grooves","1","1","358666","spotify:user:yaydevally","2016-11-04T14:28:10Z"
"spotify:track:6OCMtYgfHEOcTgEtwChvJE","Porno Disaster","The Octopus Project","Identification Parade","1","8","149920","spotify:user:yaydevally","2016-11-04T14:28:10Z"
"spotify:track:4YH9ewfKo5NWA2RBiUr9UJ","Fuguefat","The Octopus Project","Hexadecagon","1","1","216613","spotify:user:yaydevally","2016-11-04T14:28:10Z"
"spotify:track:501SIhW9HgQODkAmrhp5zJ","Snow Tip Cap Mountain","The Octopus Project","Hello, Avalanche","1","1","134613","spotify:user:yaydevally","2016-11-04T14:28:10Z"
"spotify:track:6V3cRxxIGT5mOJX0xjjjqn","Change","DJ Premier","Beats That Collected Dust Vol. 2","1","8","120894","spotify:user:yaydevally","2016-11-04T14:28:10Z"
"spotify:track:09rW1kKcmWEVzXyrnacrav","Truth In Position","Maspyke","Superrappin Vol.2 Instrumental","1","3","311733","spotify:user:yaydevally","2016-11-04T14:28:10Z"
"spotify:track:5Z2IhileO2rQbpzrHtyghZ","Last Words","Kenny Segal, Abstract Rude, Hermitude","Ken Can Cook","1","17","404040","spotify:user:yaydevally","2016-11-04T14:28:10Z"
"spotify:track:2B4bCNOrtFtiIYbTFYlaje","Jazzhole","Free The Robots","Free the Robots EP","1","3","224520","spotify:user:yaydevally","2016-11-04T14:28:10Z"
"spotify:track:7Cg3F9ZsZ2TYUnlza49NYh","Kong","Bonobo","Black Sands","1","3","237826","spotify:user:yaydevally","2016-11-04T14:28:10Z"
"spotify:track:0lnfcWRREvnGtXPP2ZDeq7","Que Sera","Wax Tailor","Tales of the Forgotten Melodies","1","2","164093","spotify:user:yaydevally","2016-11-04T14:28:10Z"
"spotify:track:5Nn2Dj7OQsGL6pgQ9iIzPp","Ghostwriter","RJD2","Deadringer: Deluxe","1","6","317933","spotify:user:yaydevally","2016-11-04T14:28:10Z"
"spotify:track:7IuxuJBP6kwOOu1ShFzmR1","Insomniac Olympics","Blockhead","Music By Cavelight","1","1","306586","spotify:user:yaydevally","2016-11-04T14:28:10Z"
"spotify:track:2MddqD0MryxIAKS03raHsz","You Wish","Nightmares On Wax","In A Space Outta Sound","1","6","210466","spotify:user:yaydevally","2016-11-04T14:28:10Z"
"spotify:track:2C1nOw1nRxJaBWb9I1x05A","Smoke & Mirrors","RJD2","Deadringer: Deluxe","1","3","266200","spotify:user:yaydevally","2016-11-04T14:28:10Z"
"spotify:track:2MddqD0MryxIAKS03raHsz","You Wish","Nightmares On Wax","In A Space Outta Sound","1","6","210466","spotify:user:yaydevally","2016-11-04T14:28:10Z"
"spotify:track:24ylIO48nRsdaONlM8l2HF","Time Is the Enemy","Quantic","The 5th Exotic","1","10","219880","spotify:user:yaydevally","2016-11-04T14:28:10Z"
"spotify:track:7sqii6BhIDpJChYpU3WjwS","Kiara","Bonobo","Black Sands","1","2","230306","spotify:user:yaydevally","2016-11-04T14:28:10Z"
"spotify:track:3AgEOAo3dvkjtsBmeTGRjg","Get A Move On!","Mr. Scruff","Keep It Unreal (10th Anniversary Analogue Remaster Edition)","1","3","454600","spotify:user:yaydevally","2016-11-04T14:28:10Z"
"spotify:track:7G8xNxQAWiBPAVgBqEVI7o","I Came Running","Ancient Astronauts","We Are to Answer","1","2","239106","spotify:user:yaydevally","2016-11-04T14:28:10Z"
"spotify:track:2LDT6MfJ0RhvzJhkjZsrSk","Pete's Jazz","Pete Rock","Petestrumentals - 10th Anniversary Expanded & Limited Edition","1","7","315322","spotify:user:yaydevally","2016-11-04T14:28:10Z"
"spotify:track:3cpFazgcIo6hpL4GTwPOJT","Just Move","Joshua Marquez","Mushroom Jazz 7","1","9","194346","spotify:user:yaydevally","2016-11-04T14:28:10Z"
"spotify:track:4OUvfa7eO5jvFMIMOU7MTb","Suntoucher","Groove Armada","Goodbye Country (Hello Nightclub)","1","1","391000","spotify:user:yaydevally","2016-11-04T14:28:10Z"
"spotify:track:0sdbfpJ06wLIGHHWXMMsyJ","Twinkle Twinkle","Kettel","Myam James Part 1","1","9","380944","spotify:user:yaydevally","2016-11-04T14:28:10Z"
"spotify:track:6xHe6WX8MvTmnUhbjO7lJy","What's Your Number - Swag FM Mix","Ian Pooley, Swag","Meridian 2016","1","19","389293","spotify:user:yaydevally","2016-11-04T14:28:10Z"
"spotify:track:2M6tHJVrNXZta3Hsjbi70z","Only Yesterday","Pretty Lights","Only Yesterday","1","1","375426","spotify:user:yaydevally","2016-11-04T14:28:10Z"
"spotify:track:6iuoVDk4ywSZXBIgHMhggg","What Does Your Soul Look Like - Pt. 1 / Prince Paul Remix","DJ Shadow, Prince Paul","Endtroducing (Endtroducing Re-Emagined)","1","11","220819","spotify:user:yaydevally","2016-11-04T14:28:10Z"
"spotify:track:6RjhP4XhaDu8rPrgO6pCQ8","For My Better Half","Stimming","Alpe Lusia","1","6","428160","spotify:user:yaydevally","2016-11-04T14:27:46Z"
"spotify:track:6CkIKkafORmB2rcKahUA4l","Harmonisch Serie","Max Cooper","Harmonisch Serie","1","1","533343","spotify:user:yaydevally","2016-11-04T14:27:46Z"
"spotify:track:6koWevx9MqN6efQ6qreIbm","A Walk","Tycho","Dive","1","1","316919","spotify:user:yaydevally","2016-11-04T14:27:46Z"
"spotify:track:2HHAxkrJbuWZ7JWdxYbsWO","Peacock Tail","Boards of Canada","The Campfire Headphase","1","4","324906","spotify:user:yaydevally","2016-11-04T14:27:46Z"
"spotify:track:5zxuMu1ytdB77KjJjiMDCT","Snowcone","deadmau5","Snowcone","1","1","314422","spotify:user:yaydevally","2016-11-04T14:27:46Z"
"spotify:track:37WaRvUdhksv1AL5I7RB6k","Cloud Generator","Kink","Cloud Generator EP","1","1","430030","spotify:user:yaydevally","2016-11-04T14:27:46Z"
"spotify:track:0ulpEf72J4jtttVWhm63OY","Lunar - Original Mix","Jeremy Olander","Hanover EP","1","2","450491","spotify:user:yaydevally","2016-11-04T14:27:46Z"
"spotify:track:2AkFFLcVLifVGFDOtMaKZl","Today","ODESZA","Summer's Gone","1","6","255165","spotify:user:yaydevally","2016-11-04T14:27:46Z"
"spotify:track:1EWdfIPZrY5F25hwOH4O33","Anima Mundi (feat. Russ Liquid)","Gramatik, Russ Liquid","Epigram","1","10","220875","spotify:user:yaydevally","2016-11-04T14:27:46Z"
"spotify:track:4F2pzdUZ9w02TgfVIYD0eB","About Time","Zuper","Blend","1","1","115224","spotify:user:yaydevally","2016-11-04T14:27:46Z"
"spotify:track:1ZOd9cvaPwhcxUNEZzZhnX","Coiled Corner (Feat. Bijou)","Feverkin","Coiled Corner (Feat. Bijou)","1","1","221538","spotify:user:yaydevally","2016-11-04T14:27:46Z"
"spotify:track:4G0XihX4opEiqDkxhQfiDW","Still Can't Fall","Feverkin, Nori","From Your Window","1","2","217991","spotify:user:yaydevally","2016-11-04T14:27:46Z"
"spotify:track:2GTyxyI3tI89JfqcjwGGHo","I Lost a Friend","Motion Picture Actress","Natural Ghost","1","1","240500","spotify:user:yaydevally","2016-11-04T14:27:46Z"
"spotify:track:5BLWhpQDsNnMqrGF5oKmBd","Thank These Stars","Celadon City","The Vault: 24","1","16","219759","spotify:user:yaydevally","2016-11-04T14:27:46Z"
"spotify:track:0UQHTeduoNmFrgdCyd7tRE","Showdown","Zuper","Blend","1","4","177017","spotify:user:yaydevally","2016-11-04T14:27:46Z"
"spotify:track:1CG8F2JGPMhUwtDk2M53m9","Light Words VAO","Charles Murdoch, Steffaloo","Weathered Straight","1","3","268828","spotify:user:yaydevally","2016-11-04T14:27:46Z"
"spotify:track:1I8F8mpmuFvemoeO3AVren","Make You Wanna","Ta-ku","Do What You Love","1","3","149026","spotify:user:yaydevally","2016-11-04T14:27:46Z"
"spotify:track:5cBh5l6DB3VRQKmF1WXWLx","To Lose","Oceaán","The Oceaán E.P","1","2","169683","spotify:user:yaydevally","2016-11-04T14:27:46Z"
"spotify:track:1iDtrELlB1TxnZywSnkaMX","Who Do You Love?","Rain Dog","There Be Monsters","1","7","250465","spotify:user:yaydevally","2016-11-04T14:27:46Z"
"spotify:track:0TMIyn5oOz56mwurbtzJla","Observe","Moods","Another Point of View","1","4","185004","spotify:user:yaydevally","2016-11-04T14:27:46Z"
"spotify:track:5lF8lja9Dv4JUsQ9e7fFym","Slow, In Ashes - Original Mix","Matt Lange","Altered Tensions - The Answer To The Question You Forgot To Ask","1","11","312000","spotify:user:yaydevally","2016-11-04T14:27:46Z"
"spotify:track:0M7ZlP2RfhlrV5Jc7LkBRj","At the River","Groove Armada","The Best Of","1","4","393373","spotify:user:yaydevally","2016-11-04T14:27:46Z"
"spotify:track:7tJeR01L4LKRDRj9Q3live","Long Gone","William Stark","Long Gone - Single","1","1","335070","spotify:user:yaydevally","2016-11-04T14:27:46Z"
"spotify:track:4VfglkM4us9HzcSD8RsboS","The World Is My Shotgun","Rain Dog","Two Words","1","11","251524","spotify:user:yaydevally","2016-11-04T14:27:46Z"
"spotify:track:2EZ7nEuAGhjH9WophsDKe5","Lamborghini - Original Mix","Pascäal","Lamborghini / Apollo","1","1","337786","spotify:user:yaydevally","2016-11-04T14:27:46Z"
"spotify:track:034FwA8Giro4wtyPKhWYq6","Writers Block","Rain Dog","Finest Ego | Faces Series Vol. 3","1","9","273607","spotify:user:yaydevally","2016-11-04T14:27:46Z"
"spotify:track:6rcBB3zLdFn6RjEzienOdm","Before I Move Off","Mount Kimbie","Crooks & Lovers","1","3","250338","spotify:user:yaydevally","2016-11-04T14:27:46Z"
"spotify:track:5IVF6G0wk3icpfq9UUOmVx","The Basis","Lack Of Afro","My Groove, Your Move","1","8","310466","spotify:user:yaydevally","2016-11-04T14:27:46Z"
"spotify:track:4ZbxSqLBIBDzuur5qTVbJi","I Robbed A Bank","Hippie Sabotage","Vol. 2","1","1","248613","spotify:user:yaydevally","2016-11-04T14:27:46Z"
"spotify:track:7qNWSAnjf9fhoeCNNAIjGo","Test & Recognise - Flume Re-work","Seekae","Test & Recognise (Remixes)","1","2","303660","spotify:user:yaydevally","2016-11-04T14:27:46Z"
"spotify:track:567p4dy5WSfuiJQhS7CHDm","Landscape","Epic Empire","Landscape","1","2","237333","spotify:user:yaydevally","2016-11-04T14:27:46Z"
"spotify:track:4Y2W4zKa3q72ztbkA0r8Va","Dayvan Cowboy","Boards of Canada","The Campfire Headphase","1","5","300186","spotify:user:yaydevally","2016-11-04T14:27:46Z"
"spotify:track:4RP2ESMudFtWGGR7ntVrEp","Pure Evil - Instrumental","Atmosphere","Fishing Blues (Instrumental Version)","1","4","200026","spotify:user:yaydevally","2016-11-04T14:27:46Z"
"spotify:track:0fhtrLOu3hQYfWxdQ1V2eu","Let It Go (feat. The Pharcyde) - Regrind '09","Rae & Christian, The Pharcyde","Raiding The Vaults","1","7","201573","spotify:user:yaydevally","2016-11-04T14:27:46Z"
"spotify:track:6QBqzKv1bRMgh19mCsLRfS","Threes","Papadosio","Pattern Integrities","1","3","332974","spotify:user:yaydevally","2016-11-04T14:27:46Z"
"spotify:track:7qDDBmKIdhQondMs3UiBJn","It's Very Sunny","Casino Versus Japan","Go Hawaii","1","2","285666","spotify:user:yaydevally","2016-11-04T14:27:46Z"
"spotify:track:6xiFjrkJ9scAisVNka6ZcE","America Video","Kettel","Volleyed Iron","1","2","354546","spotify:user:yaydevally","2016-11-04T14:27:46Z"
"spotify:track:2uc0oSbzKVaQofelwYVDDo","Kroost Kids","Kettel","Myam James Part 1","1","3","309029","spotify:user:yaydevally","2016-11-04T14:27:46Z"
"spotify:track:185G7KkOiCGnYhUrORtfEV","Infotain Me","Ochre","Lemodie","1","4","371000","spotify:user:yaydevally","2016-11-04T14:27:46Z"
"spotify:track:4vU5TfGGHeIwKVzWSov8TM","Awash","Manual","Awash","1","1","339000","spotify:user:yaydevally","2016-11-04T14:27:46Z"
"spotify:track:7jHQ4qL93x0wpgxaFpXnJN","Fahrenheit Fair Enough","Telefon Tel Aviv","Fahrenheit Fair Enough (Single)","1","1","400293","spotify:user:yaydevally","2016-11-04T14:27:46Z"
"spotify:track:7qzeJS17LVxmTv6B6ZIg7y","The Birds","Telefon Tel Aviv","Immolate Yourself","1","1","398492","spotify:user:yaydevally","2016-11-04T14:27:46Z"
"spotify:track:2ZPs5cRXeDX0U9pQ7Se6hd","Your Mouth","Telefon Tel Aviv","Immolate Yourself","1","2","248786","spotify:user:yaydevally","2016-11-04T14:27:46Z"
"spotify:track:6CIOAJZ2tQjtcfWMV8EZ5S","Immolate Yourself","Telefon Tel Aviv","Immolate Yourself","1","10","338412","spotify:user:yaydevally","2016-11-04T14:27:46Z"
"spotify:track:2rxkCfkZ4UY3LfUPQE3Mi3","Cuckoo","Tipper","Broken Soul Jamboree","1","2","291128","spotify:user:yaydevally","2016-11-04T14:27:46Z"
"spotify:track:1WgdK24BDpkgBatX2FZoOR","Dead Soon","Tipper","Broken Soul Jamboree","1","5","311111","spotify:user:yaydevally","2016-11-04T14:27:46Z"
"spotify:track:4ia8kek3rF0ZznYWjgli9J","Paper Knife","Yppah","Eighty One","1","8","267000","spotify:user:yaydevally","2016-11-04T14:27:46Z"
"spotify:track:3AuSogI89rld1KqfUpL3Np","Kerala","Bonobo","Kerala","1","1","237546","spotify:user:yaydevally","2016-11-04T14:27:46Z"
"spotify:track:5p9ckBDwH86eMi4LCrIKTA","El Cargo","Amon Tobin","Chaos Theory","1","5","263933","spotify:user:yaydevally","2016-11-07T07:10:18Z"
"spotify:track:3FyPX5hQWCjfQgBmM7yY8j","We Are Water","Papadosio","T.E.T.I.O.S.","1","2","374026","spotify:user:yaydevally","2016-11-08T08:48:29Z"
"spotify:track:5zMkbjQwmhHbwNCHhTqdk2","Playing with Fire","Redinho","Redinho","1","3","256626","spotify:user:yaydevally","2016-11-16T18:07:18Z"
"spotify:track:4Xhhj19dCT1Irw6qgn3xpj","Wake Up And Smell The Millennium","Nobody","And Everything Else...","1","10","210693","spotify:user:yaydevally","2016-11-18T12:49:44Z"
"spotify:track:6ziG6v71gXjopMFlKdmQIP","Dead Editors","Massive Attack, Roots Manuva","Ritual Spirit","1","1","285878","spotify:user:yaydevally","2016-11-18T19:17:58Z"
"spotify:track:0baZKQBd7l8S2b4gkkbXae","No More","Jafu","No More","1","1","199970","spotify:user:yaydevally","2016-11-18T19:48:15Z"
"spotify:track:1XIsfNsTllvBtGEayIfz0S","Grown Up - Instrumental","Danny Brown","Grown Up","1","3","139930","spotify:user:yaydevally","2016-11-20T09:48:26Z"
"spotify:track:78U6lqeWK6Uie4jneibj9o","Once in a While (feat. Sonya Kitchell)","Break Science, Sonya Kitchell","Seven Bridges","1","12","193411","spotify:user:yaydevally","2016-11-18T20:41:49Z"
"spotify:track:2Hjxe8EUqqiN6qlfOoFrWf","Daylight Savings","Silkie","The Lost Tapes Vol. 1","1","6","304953","spotify:user:yaydevally","2016-11-18T21:42:37Z"
"spotify:track:5mkubPuSY6SxWXRHPTyEzL","4/15/1998","Rob Viktum","Progress 2","1","11","144536","spotify:user:yaydevally","2016-11-20T16:06:15Z"
"spotify:track:20Wu65TWDvjqRK4Rrzsmp8","No Government","Nicolette","Trip Hop Classics By Kid Loco","2","12","332612","spotify:user:yaydevally","2016-11-20T16:09:50Z"
"spotify:track:53RRSSDnV1vn7R13PwQvns","River","Talvin Singh, Niladri Kumar","Together","1","1","355866","spotify:user:yaydevally","2016-11-20T16:10:03Z"
"spotify:track:4appx9msZbhhFpSrKOlVz1","Rebirth","A Forest Mighty Black","Mellowdramatic","1","9","439160","spotify:user:yaydevally","2016-11-20T16:10:26Z"
"spotify:track:4bxbSJqs4H4HcMPVhLprfJ","A Beautiful Mine (Theme Music from Mad Men)","RJD2","Magnificent City Instrumentals","1","14","329093","spotify:user:yaydevally","2016-11-20T16:11:16Z"
"spotify:track:77ST2uaKmruGJnypo0T4Qu","Snakes in the Grass","Quantic","The 5th Exotic","1","3","311360","spotify:user:yaydevally","2016-11-20T16:11:46Z"
"spotify:track:5yNjQlN7GkXWJi1XxQuLH1","Beer Goggle Blues","The Q4","Darker Days","1","2","134760","spotify:user:yaydevally","2016-11-20T16:12:40Z"
"spotify:track:3Tgq9GyvPLeDwxBCVrm0NL","Darkrum","Anchorsong","Chapters","1","4","261519","spotify:user:yaydevally","2016-11-20T16:12:48Z"
"spotify:track:14ms0ahJlgHYumrDLosyPU","A Festa","Trüby Trio","Elevator Music","1","6","411000","spotify:user:yaydevally","2016-11-20T16:12:48Z"
"spotify:track:18Dcb4GPaunhCICmVGTnhx","Babe I'm Gonna Leave You","Kognitif","My Space World","1","2","222738","spotify:user:yaydevally","2016-11-20T16:18:26Z"
"spotify:track:7HCB4FZijpCy7EhyfsSDmr","Pretend","The Brandt Brauer Frick Ensemble","Mr. Machine","1","3","449212","spotify:user:yaydevally","2016-11-20T16:27:08Z"
"spotify:track:0WuQYFqYHDgCbtKups3Ciu","Forgotten Places","Alif Tree","French Cuisine","1","4","291186","spotify:user:yaydevally","2016-11-20T16:28:49Z"
"spotify:track:3DMDRKEVIP3mAbhBD4Fj1H","Keep Going feat.Tony Joe White","Boozoo Bajou","Dust My Broom","1","1","297933","spotify:user:yaydevally","2016-11-20T16:33:07Z"
"spotify:track:6yhDWGjfTMYz6QdSP3HhiK","Yesterday","Waiwan","Distraction","1","4","464426","spotify:user:yaydevally","2016-11-20T17:28:41Z"
"spotify:track:5qkbZ4lvYd1JkDxQNt11XC","Undercurrent","Megashira","At Last","1","2","383533","spotify:user:yaydevally","2016-11-20T17:30:40Z"
"spotify:track:0iiSAp1VHPdjglnZ4paBfW","Turtle Soup - Wagon Christ Mix","DJ Food","Refried Food","1","15","475373","spotify:user:yaydevally","2016-11-21T13:47:00Z"
"spotify:track:2wdHyqjX2qrU4gtwo4vqJE","Rituals","Sekuoia","Finest Ego | Faces Series Vol. 3","1","5","289773","spotify:user:yaydevally","2016-11-21T13:49:17Z"
"spotify:track:77zkKx7Y8nkRsokiTKcHuZ","Terra","Daega Sound","The Bloom Series Vol 1 : Fundamental Frequencies","1","6","367831","spotify:user:yaydevally","2016-11-22T12:14:58Z"
"spotify:track:7DT4qnBBQmdBsh3MNPiVRN","Acrylic","Frederic Robinson","Flea Waltz","1","2","205960","spotify:user:yaydevally","2016-11-22T12:20:32Z"
"spotify:track:5tFMDJhfWdOlBdEpLG6MQP","Sizzle","Frederic Robinson","Flea Waltz","1","3","188813","spotify:user:yaydevally","2016-11-22T12:21:35Z"
"spotify:track:7AmLz3LWwVgCSEbUlsPsdX","Mixed Signals - Synkro Remix","Frederic Robinson","Vamp EP (EP)","1","4","530940","spotify:user:yaydevally","2016-11-22T12:23:39Z"
"spotify:track:50z74DjumHhnzTbosz0k8G","Breathing","Frederic Robinson, Lily Juniper","Flea Waltz","1","4","221626","spotify:user:yaydevally","2016-11-22T12:24:13Z"
"spotify:track:3zoJxEXLhJloegpeKTCqVX","Kulala","Izem","Hafa","1","6","288453","spotify:user:yaydevally","2016-11-29T12:22:07Z"
"spotify:track:7742wfcDXdRXkuPuonJDDx","Allow","Nocow","Ruins Tape","1","1","152511","spotify:user:yaydevally","2016-11-29T12:22:08Z"
"spotify:track:2POkFNutaln4bp5M7EgUqV","Ocean Beach","Black Mighty Orchestra","So Mambo, Vol. 1","1","3","194466","spotify:user:yaydevally","2016-12-01T09:48:53Z"
"spotify:track:0yYQLWd83u1TSbvRGTopa9","She Ran Around - (Midnight Mix)","The Tao Of Groove","Chill Pill, Vol. 1","1","2","348106","spotify:user:yaydevally","2016-12-04T08:38:02Z"
"spotify:track:1swKNKdml9wbJddAZWgrYD","Your Life","Andras Fox","Your Life","1","1","360413","spotify:user:yaydevally","2016-12-09T13:08:57Z"
"spotify:track:6mTDeTRArFlCzdvXFVHvdF","Survive","Blockboy","Heartbox (EP)","1","2","225400","spotify:user:yaydevally","2016-12-09T13:13:03Z"
"spotify:track:0nM34mZsTWllbrC2NzEsB0","Cigarette Lust","TOKiMONSTA","Proximity One: Narrative of a City","1","4","125580","spotify:user:yaydevally","2016-12-09T13:20:41Z"
"spotify:track:50e8KL7TnyNKLaWfCSr0xf","Blue Avenue","Jazz Liberatorz","Fruit Of The Past","1","20","190078","spotify:user:yaydevally","2016-12-09T13:20:46Z"
"spotify:track:1O48usIC5I1zsUAyPHOD7I","There's A Better Place","Crazy Penis","The Crazy Penis Collection","1","8","435226","spotify:user:yaydevally","2016-12-09T13:27:35Z"
"spotify:track:05j2SIb2Fadj3RnITFB0Uw","Transient","Glen Porter","Blessed By a Young Death","1","2","192360","spotify:user:yaydevally","2016-12-09T13:48:03Z"
"spotify:track:4pF1jNpAdNrj00ZXa15rxU","DR Van Helsing","Hugo Kant","The Point of No Return","1","1","273573","spotify:user:yaydevally","2016-12-09T13:52:57Z"
"spotify:track:5g2NZNHeOmEhYyPQ1CE84l","Reason To feat Kathrin deBoer","Aaron Jerome","Time To Rearrange","1","4","339026","spotify:user:yaydevally","2016-12-12T17:48:35Z"
"spotify:track:62bQXGTXGsxhQnjI2QmhPY","After 4AM","Long Arm","The Branches","1","4","402746","spotify:user:yaydevally","2016-12-12T17:50:53Z"
"spotify:track:4DicdCZ3vgY8fOzCiuQ657","Just for a Day - Sunday","TM Juke","Maps from the Wilderness","1","2","272946","spotify:user:yaydevally","2016-12-12T17:58:34Z"
"spotify:track:7CCqARMdytqZSGIZZ4JOWs","Tell Me How You Feel - Bonobo Mix","Jon Kennedy, Bonobo","One Offs Remixes and B Sides","1","9","304773","spotify:user:yaydevally","2016-12-12T17:59:05Z"
"spotify:track:216s443orFzxEcZeZAEgP6","Only Heaven - Matthew Herbert Remix","Coldcut, Roots Manuva, Matthew Herbert","Only Heaven (Remixed)","1","1","410400","spotify:user:yaydevally","2016-12-20T16:46:31Z"
"spotify:track:2agb1CPPGWXqXnrKn6cx7u","Archangel","Burial","Untrue","1","2","238426","spotify:user:yaydevally","2016-12-23T07:23:36Z"
"spotify:track:5xAhLE4FUFD5iIks3dwmHv","Thicker Than Water (Feat. Tiana Khasi)","Sampology, Tiana Khasi","Thicker Than Water (Feat. Tiana Khasi)","1","1","268615","spotify:user:yaydevally","2016-12-23T12:55:47Z"
"spotify:track:5DFh6liEi5d3xS1gtjwCAA","Itchy","Siriusmo","Enthusiast (Album Sampler)","1","4","212581","spotify:user:yaydevally","2016-12-23T13:00:26Z"
"spotify:track:5NbasL13ZyTu02X1R5XILi","Ordinary Man","Chinese Man","The Groove Sessions, Vol. 2","1","7","218359","spotify:user:yaydevally","2016-12-23T13:04:07Z"
"spotify:track:2G9TiCvIVB1EXsy1OE30Pz","Another Introduction","Damu The Fudgemunk","How It Should Sound, Vol. 1 & 2","1","2","180825","spotify:user:yaydevally","2016-12-23T13:29:36Z"
"spotify:track:3VFpD682pisX0sSjcFFUQn","Ike's Mood I","Visioneers","Dirty Old Hip Hop","1","3","261333","spotify:user:yaydevally","2016-12-23T13:35:42Z"
"spotify:track:2Nv4vhN0jO3Acvgywgw2sw","Mad Techno Invasion","Wallwork, RzR","Mad Techno Invasion","1","3","215111","spotify:user:yaydevally","2016-12-23T13:35:52Z"
"spotify:track:6kfokZl9BuXPOtvNMsclV2","Don't Go - Original Mix","Justin Martin","Ghettos & Gardens","1","2","301155","spotify:user:yaydevally","2016-12-23T13:40:58Z"
"spotify:track:3Ee089i84NBYu6XdTeXOzq","Seeking Closure","DVTCH NORRIS","Seeking Closure","1","1","199100","spotify:user:yaydevally","2016-12-23T13:46:34Z"
"spotify:track:22KsDqTNLAaPP3EH6Sx5do","Blackbird","Fat Freddy's Drop","Blackbird","1","1","567458","spotify:user:yaydevally","2016-12-23T13:49:14Z"
"spotify:track:6hhVS4jyOPioRJaY1zVRHj","The Bare Necessities","Bruce Reitherman, Phil Harris","The Jungle Book Original Soundtrack (English Version)","1","4","291813","spotify:user:yaydevally","2016-12-24T15:02:30Z"
"spotify:track:7FSDp0tqxA50yuMAOWggWL","Follow Birds","Robot Koch","Cosmic Waves","1","4","112034","spotify:user:yaydevally","2017-01-03T16:06:32Z"
"spotify:track:0v6xtGeecvTm91f3Bsc22k","Oracle - original","Sebastien Leger","Oracle EP","1","1","535991","spotify:user:yaydevally","2017-01-03T16:09:10Z"
"spotify:track:7MtMzHYZPhxNiiVNT2W86J","Daytime","Nalepa","Night Bloom EP","1","2","339428","spotify:user:yaydevally","2017-01-03T16:41:40Z"
"spotify:track:3PlISmMU7prdRBG6zLcGfi","Keep You Kimi","Hird, Yukimi Nagano","Moving On","1","2","388506","spotify:user:yaydevally","2017-01-04T09:30:17Z"
"spotify:track:4Q1iSkLmBDb2TBf2BAx3PJ","Yma","Boozoo Bajou","Satta","1","1","390000","spotify:user:yaydevally","2017-01-04T09:30:23Z"
"spotify:track:3VYFXRV9FQZq6bFJdJwWR4","Keep You Hird","Hird, Yukimi Nagano","Keep You Hird","1","2","393520","spotify:user:yaydevally","2017-01-04T12:44:19Z"
"spotify:track:3tYOKwQBtYebD0XPbY2vQ6","Riders On the Storm","Yonderboi","Shallow and Profound","1","12","259106","spotify:user:yaydevally","2017-01-04T12:48:48Z"
"spotify:track:1a9F0TEZ5fO4yWj0g9wojX","Before You Snap","Yonderboi","Splendid Isolation","1","12","389720","spotify:user:yaydevally","2017-01-04T12:51:52Z"
"spotify:track:2XHqEaRn6FeyFhbdXlC0d9","Night Over Manaus","Boozoo Bajou","Satta","1","3","380426","spotify:user:yaydevally","2017-01-04T12:57:29Z"
"spotify:track:5yUL3D9calFfwH4cFMWjqE","Meister Petz","Peace Orchestra","Peace Orchestra","1","2","376173","spotify:user:yaydevally","2017-01-04T13:16:47Z"
"spotify:track:5jdM6EOgm3YeOF0eG2kumW","Camioux","Boozoo Bajou","Satta","1","2","332000","spotify:user:yaydevally","2017-01-04T13:18:21Z"
"spotify:track:0fwLeS2VprQFyPC754aFen","Double Drums","Peace Orchestra","Peace Orchestra","1","3","562906","spotify:user:yaydevally","2017-01-04T13:19:52Z"
"spotify:track:76umawnj557DheYf30qGz7","The Mambo Craze","De-Phazz","Naive","1","3","203653","spotify:user:yaydevally","2017-01-04T13:25:22Z"
"spotify:track:2VGRetOz26aQ7cSRnSrflr","Ohne Chanteuse","Yonderboi","Shallow and Profound","1","5","208733","spotify:user:yaydevally","2017-01-04T13:26:45Z"
"spotify:track:5JCvHixv7Cy8BvIvFm0zA7","Busenfreund","Tosca","Suzuki","1","5","316360","spotify:user:yaydevally","2017-01-04T13:27:49Z"
"spotify:track:3CBly5ZALoTIjFWoizGcU7","Flow","Ramzoid","Universe","1","3","240000","spotify:user:yaydevally","2017-01-04T14:34:28Z"
"spotify:track:5srUtfvv4rg6rcIdR13UHc","Turtle - Bonobo Mix","Pilote, Bonobo","One Offs Remixes and B Sides","1","1","310493","spotify:user:yaydevally","2017-01-04T14:48:29Z"
"spotify:track:02IVLDmty71LDgxPr24WZZ","The Plug - Quantic Mix","Bonobo, Quantic","One Offs Remixes and B Sides","1","3","374000","spotify:user:yaydevally","2017-01-04T14:48:53Z"
"spotify:track:4xzxIfngK1a5AAE2AOGHUC","Dismantling Frank","Bonobo","One Offs Remixes and B Sides","1","4","307733","spotify:user:yaydevally","2017-01-04T14:49:02Z"
"spotify:track:3eW7lspKJEieCXXbGphyLh","Dinosaurs - Jon Kennedy Mix","Bonobo, Jon Kennedy","One Offs Remixes and B Sides","1","5","248293","spotify:user:yaydevally","2017-01-04T14:49:14Z"
"spotify:track:2AxddyFnFxcsTc4XYPmSl7","The Shark","Bonobo","One Offs Remixes and B Sides","1","7","296040","spotify:user:yaydevally","2017-01-04T14:49:27Z"
"spotify:track:0ttQ1dtmt0m6mg35QS8it3","Scuba","Bonobo","One Offs Remixes and B Sides","1","11","262573","spotify:user:yaydevally","2017-01-04T14:49:53Z"
"spotify:track:7pObrUcAMBxFkODlwUEhny","Deep Ocean (feat. Mr Day)","Patchworks, Mr Day","Early Recordings","1","4","247240","spotify:user:yaydevally","2017-01-04T15:23:51Z"
"spotify:track:7HN2NxF0r8w9cQ0xZWTSKo","And I Love Him - Remix","LTJ X-Perience","When the Rain Begins to Fall","1","7","347040","spotify:user:yaydevally","2017-01-04T15:25:44Z"
"spotify:track:1wPonX794TqDNZQtV3FuNl","Ocean Beach (Cybophonia Cinematic Remix) [Bonus Track] - Remastered","Black Mighty Orchestra, Cybophonia","To the Sky (Remastered Including Bonus Tracks)","1","1","525453","spotify:user:yaydevally","2017-01-04T15:27:40Z"
"spotify:track:6KqrR6BEYybKciXhEVEmDE","Dundadeova","Dzihan & Kamien","Gran Riserva","1","9","260519","spotify:user:yaydevally","2017-01-04T15:31:33Z"
"spotify:track:4St5Np8Grz7dwjLRUU2FKF","Bar Rumba","Mo' Horizons","Come Touch The Sun","1","2","354346","spotify:user:yaydevally","2017-01-04T15:34:59Z"
"spotify:track:2xvjLl9kyxEbliMo4T7HeG","Rolf Royce feat. Stephan Graf Hadik Wildner","Tosca","Dehli 9","1","8","347666","spotify:user:yaydevally","2017-01-04T15:36:40Z"
"spotify:track:4vyLcnuVAwrLOf46w5FrjB","'75 aka Stay With You","Lemon Jelly","'64-'95","1","7","371506","spotify:user:yaydevally","2017-01-04T15:45:52Z"
"spotify:track:0yftcs2gs8LMwMIM6ndlOl","Special Re: Quest","Daedelus","Labyrinths","1","3","214676","spotify:user:yaydevally","2017-01-04T15:50:03Z"
"spotify:track:5R8MrytcH0EKLcfKICLaF3","Can't Get Used To Those (Kosi Edit) | Ohara - mixed","Dimlite, Efdemin, DJ Koze","DJ-Kicks (DJ Koze) [Mixed Tracks]","1","2","160853","spotify:user:yaydevally","2017-01-04T15:50:27Z"
"spotify:track:191Q7Sr6cBoUwu4VSnIKdN","Murder Man","Mophono, The Gaslamp Killer","Murder Man","1","1","274053","spotify:user:yaydevally","2017-01-04T15:50:58Z"
"spotify:track:4sHYePLbbXodqgms45zWcn","Hang Em High","Glen Porter","Open Road And The Smell Of Blood","1","5","316471","spotify:user:yaydevally","2017-01-04T15:54:29Z"
"spotify:track:5JPKioII5sJeTJ39O2wf1P","Yours","Glen Porter","Falling Down","1","14","227200","spotify:user:yaydevally","2017-01-04T15:56:49Z"
"spotify:track:0BUVtpzVff9lobMwsnOmnW","Ginger Jumps The Fence","The Herbaliser","Herbal Tonic (Best Of)","1","14","311200","spotify:user:yaydevally","2017-01-04T15:57:08Z"
"spotify:track:39dyzQY5oqZntBiyG5DRAD","Ranjia - Jon Kennedy Remix","Hugo Kant","Another Point Of Mix I","1","2","331875","spotify:user:yaydevally","2017-01-04T15:57:36Z"
"spotify:track:1iZ4HSVLsT52n7u2fvK5x4","Anti Pop Song","Ancient Astronauts","Into Bass and Time","1","5","301520","spotify:user:yaydevally","2017-01-04T15:59:09Z"
"spotify:track:7J6u9cYbNLHGwf71nmYlB2","Tinseltown - Instrumental","Blockhead","Dour Candy - The Instrumentals","1","8","196363","spotify:user:yaydevally","2017-01-04T16:00:57Z"
"spotify:track:3qfEM0PYx6xtJpr7qP5wx0","Afrodizzyact","Ancient Astronauts","Best of 2001 - 2011","1","4","217133","spotify:user:yaydevally","2017-01-04T16:01:08Z"
"spotify:track:6GTCpHHt6tpFQ5THY9COAq","6813","Glen Porter","Blessed By a Young Death","1","15","179746","spotify:user:yaydevally","2017-01-04T16:01:53Z"
"spotify:track:7iTynDZjV1fb4Me8Im0CIR","Jet Lag","Dirty Art Club","Heavy Starch","1","15","136364","spotify:user:yaydevally","2017-01-04T16:03:24Z"
"spotify:track:4xEIrUbZn1ySRuFbVv6dl9","Vines","Emancipator","Safe In the Steep Cliffs","1","11","278026","spotify:user:yaydevally","2017-01-04T16:11:45Z"
"spotify:track:0XIR6NgMKekKW4nsGLTRIE","Safe in the Steep Cliffs","Emancipator","Safe In the Steep Cliffs","1","14","288626","spotify:user:yaydevally","2017-01-04T16:12:18Z"
"spotify:track:37VL1zDyWyPyRRnKV0sXVR","Valhalla (Nkla Remix)","Emancipator","Dusk to Dawn Remixes","1","5","329373","spotify:user:yaydevally","2017-01-04T16:13:27Z"
"spotify:track:7syNfj0fj6k0aIuVkbhgkS","The Way (Tor Remix)","Emancipator","Dusk to Dawn Remixes","1","6","209360","spotify:user:yaydevally","2017-01-04T16:13:37Z"
"spotify:track:7BUtFHQoH9ymNtLYFcnFP0","Outlaw (Lapa Remix)","Emancipator","Dusk to Dawn Remixes","1","7","320426","spotify:user:yaydevally","2017-01-04T16:13:46Z"
"spotify:track:2SPTGg9SC5MT1FwNX4IYfx","Greenland","Emancipator","Safe In the Steep Cliffs","1","1","191066","spotify:user:yaydevally","2017-01-04T16:15:01Z"
"spotify:track:31iorPAdbKMTxkTKqHxYk2","Tongue","Edamame","Ochre","1","2","194666","spotify:user:yaydevally","2017-01-04T16:16:25Z"
"spotify:track:2JsZsC5SUWrJ7z1DwfxsGM","Loop Theory","Tor","Blue Book","1","3","213021","spotify:user:yaydevally","2017-01-04T16:17:20Z"
"spotify:track:0Ps8AodaCQTHIcjos7jl4j","Raindrop","Tristan De Liege, Lapa","The Diver","1","1","270024","spotify:user:yaydevally","2017-01-04T16:17:35Z"
"spotify:track:450GENbh1Sx23ZtPeVsDkZ","The Unwatched Bird","Nym","Convex","1","4","257720","spotify:user:yaydevally","2017-01-04T16:19:02Z"
"spotify:track:0X3JQKHSbS7dt6pjSr1tEY","Glass & Stone","Tor","Drum Therapy","1","1","282833","spotify:user:yaydevally","2017-01-04T16:19:25Z"
"spotify:track:4IVUZb4mvMG772PKIb9D5b","Roadwalk","Lapa","Meeting of the Waters","1","6","281266","spotify:user:yaydevally","2017-01-04T16:19:58Z"
"spotify:track:53yeem2EczxKmMqHXqMVbE","Colorful - Original","Sigurt","Colorful","1","1","347250","spotify:user:yaydevally","2017-01-10T16:59:22Z"
"spotify:track:76IXqxkWH7hB8pTC99mcCH","Friday Fish Fry - Maribou State & Pedestrian Remix - Extended Dub","Kelis","Friday Fish Fry","1","6","330553","spotify:user:yaydevally","2017-01-10T17:05:02Z"
"spotify:track:3fNxE3Hg47056GbOjZ58uu","Nocturne","Inofaith","Dawn is Late","1","4","432000","spotify:user:yaydevally","2017-01-10T17:12:48Z"
"spotify:track:3yx0HBimbzZpOrcEEj5Mt4","Where I Belong","Moods","Another Point of View","1","2","134511","spotify:user:yaydevally","2017-01-10T17:18:25Z"
"spotify:track:3NPkBVbnZPtYG5dA0j3BFW","It's Just A Playground","Dday One","Heavy Migration","1","12","252640","spotify:user:yaydevally","2017-01-10T17:42:13Z"
"spotify:track:4EGZxaSGEQybG9c5iXLDvm","Teacups","Sorceress","Dose","1","3","206828","spotify:user:yaydevally","2017-01-10T17:42:26Z"
"spotify:track:0gkVD2tr14wCfJhqhdE94L","CLOCK","Plaid","The Digging Remedy","1","3","264000","spotify:user:yaydevally","2017-01-10T17:48:16Z"
"spotify:track:5fYmgKoQSC1RiyxWxE13Yu","Before - Herbert Remix","Dzihan & Kamien","Refreaked","1","1","461296","spotify:user:yaydevally","2017-01-10T17:51:17Z"
"spotify:track:5ZFHbSV8M7iLeEct7jVeF6","The Sound You Hear","The Wiseguys","Executive Suite","1","3","328466","spotify:user:yaydevally","2017-01-10T18:09:02Z"
"spotify:track:2iAdpoe6V6tJ3Q83djC9Wz","Whirlwound","Kelpe","Ex-Aquarium","1","2","279346","spotify:user:yaydevally","2017-01-10T18:27:12Z"
"spotify:track:6fjpYlRDIluGH0sy9fzkJI","Turn Around (feat. Iva Lamkum) - TM Juke Remix","Sola Rosa, Iva Lamkum","Get It Together Remixed","1","6","214080","spotify:user:yaydevally","2017-01-18T18:14:31Z"
"spotify:track:3ZB4h7rWKKIMC06EzFiuE9","Shoulder Kiss","Freddie Joachim","Study Guide","1","10","156106","spotify:user:yaydevally","2017-01-18T13:09:34Z"
"spotify:track:1iJokym0IhZ4bI1I0MnyZj","Ms. Yutani","Boogie Belgique","Time For A Boogie","1","10","240576","spotify:user:yaydevally","2017-01-18T18:23:56Z"
"spotify:track:4GroumsjzAcgCwJzTGY7px","Ontario","Bonobo","Migration","1","9","232549","spotify:user:yaydevally","2017-01-19T19:21:53Z"
"spotify:track:2WogLstp6T428MBgdDVQeg","What's The Use","Lorn","Nothing Else","1","12","151874","spotify:user:yaydevally","2017-01-19T16:23:22Z"
"spotify:track:7kdWpOChR7fgO0I6SJOu32","Thoughts Being Remixed","Cmy","Kim Zonk Funk","1","2","205613","spotify:user:yaydevally","2017-01-22T18:23:30Z"
"spotify:track:1vizcD4DXw4XxHpM5snioq","Next On The Agenda","Cmy","Kim Zonk Funk","1","16","194409","spotify:user:yaydevally","2017-01-22T18:43:36Z"
"spotify:track:5kNylCZROyCVQyuVYa2bxG","Get Your Gun","The New Law","The Fifty Year Storm","1","3","382952","spotify:user:yaydevally","2017-01-22T18:48:11Z"
"spotify:track:6wbHUPnQwYc1SV3I0VkY20","Opium Den","The New Law","The Fifty Year Storm","1","7","433390","spotify:user:yaydevally","2017-01-22T18:49:11Z"
"spotify:track:4igD1lBmc020Qij6LLY8vf","Dead Men Tell No Tales","The New Law","The Fifty Year Storm","1","2","362067","spotify:user:yaydevally","2017-01-22T18:51:21Z"
"spotify:track:5TljfM7KFvjXOu8RKnS8rc","Deltitnu","Aydio","Nonentity","1","4","273252","spotify:user:yaydevally","2017-01-22T18:52:58Z"
"spotify:track:6sYaUqXFlkGgWrQaFFPuXb","Whir","Affelaye","Thirsts","1","1","395409","spotify:user:yaydevally","2017-01-22T19:04:06Z"
"spotify:track:6APBnfCBZmyJKaocgPY6MX","Letter","Yosi Horikawa","Wandering","1","3","263402","spotify:user:yaydevally","2017-01-22T19:04:46Z"
"spotify:track:2uwjvhULntsSu4XQ39pwgv","Photosynthesis (Gaudi remix)","Carbon Based Lifeforms, Gaudi","Photosynthesis Remixes","1","3","479437","spotify:user:yaydevally","2017-01-22T19:07:38Z"
"spotify:track:3SLY46IHOpPQRK8vvOvSTs","Honest - Jazzanova Remix","Nuspirit Helsinki","Honest (Jazzanova Remix) / Seis Por Ocho","1","1","490483","spotify:user:yaydevally","2017-01-22T19:37:10Z"
"spotify:track:44NQbjBxkkAJFGB9EQxhRI","The Flying Nun","9 Lazy 9","Sweet Jones","1","11","182853","spotify:user:yaydevally","2017-01-22T19:42:04Z"
"spotify:track:14pAFknejC3mAM2oKDHjCw","7eme Souffle","Liléa Narrative","Feline Boulevard","1","1","263444","spotify:user:yaydevally","2017-01-22T19:42:29Z"
"spotify:track:4GVlrBucSvlRKIUq1pgp4D","Raindrops","Stylust Beats, Of The Trees, Perkulat0r","Heatrocks","1","12","204000","spotify:user:yaydevally","2017-01-22T19:46:49Z"
"spotify:track:1GYVFolrzA1ZWirojv1FNM","A Tune for Jack","Lemon Jelly","Lemon Jelly.ky","1","3","405866","spotify:user:yaydevally","2017-01-22T19:53:12Z"
"spotify:track:2wlDu7ce8oUIODlPoLzVI7","Western Digital","Liar","Spirewards","1","1","323798","spotify:user:yaydevally","2017-01-22T20:05:47Z"
"spotify:track:2haroc0Zr5WxFlzUq8oYKy","Faze","Lower Spectrum","New Haze","1","5","289063","spotify:user:yaydevally","2017-01-22T20:06:53Z"
"spotify:track:489KnNxw8xboGox6wjJx33","Masquerade - Rioux Remix","Lower Spectrum, Rioux","Inverse EP","1","2","425322","spotify:user:yaydevally","2017-01-22T20:12:44Z"
"spotify:track:2bbuZxFyhmRyNWW654udoS","Icy Heartthrob","Kamandi","Sicklove Paradise","1","2","216058","spotify:user:yaydevally","2017-01-22T20:13:06Z"
"spotify:track:6JruGF8KKmQgqoO0oRb8pa","Embryo","Clubroot","Clubroot","1","2","440373","spotify:user:yaydevally","2017-01-22T20:24:38Z"
"spotify:track:3RLYmGWrMfu9hal0QyXpe1","7700M - Original Mix","Ishome","Eva","1","3","412198","spotify:user:yaydevally","2017-01-22T20:33:38Z"
"spotify:track:6Ib65lxw1v02tzGqdJkVsV","Phosphorus","Alex Banks","Illuminate","1","6","356252","spotify:user:yaydevally","2017-01-30T09:34:37Z"
"spotify:track:35FrTrB3SRaSuz94x9SxRD","Sun Burn","Dirty Art Club","Vermilion","1","2","158929","spotify:user:yaydevally","2017-02-05T06:10:19Z"
"spotify:track:3rcomBFoOElI47mrfeFyZj","Le Vent","Borka","What Sticks","1","2","173213","spotify:user:yaydevally","2017-02-21T08:54:07Z"
"spotify:track:0hNlr56UPvigGSyCVdAOMi","The Ginning","Stavroz","The Ginning","1","1","391993","spotify:user:yaydevally","2017-02-21T09:06:06Z"
"spotify:track:6tumJxsgvYRUEZMmfVtD7r","Turning on the Large Hadron Collider","Neat Beats","Cosmic Surgery","1","6","234947","spotify:user:yaydevally","2017-02-21T09:13:21Z"
"spotify:track:4ncFRft2xEs4kanULQjaOz","Lyk U Use 2 (feat. Andres)","Moodymann, Andres","Moodymann","1","6","343000","spotify:user:yaydevally","2017-02-21T09:20:24Z"
"spotify:track:1vMrhsVcrByysJf0ru2SqL","Gumball Machine Weekend","Yppah","They Know What Ghost Know","1","2","239533","spotify:user:yaydevally","2017-02-21T09:20:35Z"
"spotify:track:1bfTnChl4DgHEbk4M246eb","Cellphone Dub","International Observer","Heard","1","8","320786","spotify:user:yaydevally","2017-02-21T09:46:01Z"
"spotify:track:55eQKag8ByTvFdzJbI8KqL","After Rain","Nuage","Mirrors","1","1","293683","spotify:user:yaydevally","2017-03-10T06:53:30Z"
"spotify:track:3jFGX7SScFOT7cQLqOkgbT","Mbira Beat","GoldFish","Caught in the loop","1","4","302706","spotify:user:yaydevally","2017-03-10T06:53:39Z"
"spotify:track:3dtRGEPe3u1FzzxvtRWRgX","Not So Blue","Quantic","Apricot Morning","1","10","306733","spotify:user:yaydevally","2017-03-10T07:24:21Z"
"spotify:track:4KhDutIAPc7Z1DdHoKO4OW","Falling Through The Wall","Werkha","Colours Of A Red Brick Raft","1","3","249973","spotify:user:yaydevally","2017-03-21T11:32:31Z"
"spotify:track:3Rc5wYoXwgQDB6X5t87AXa","Till The End","A Forest Mighty Black","Mellowdramatic","1","10","204373","spotify:user:yaydevally","2017-03-28T07:46:50Z"
"spotify:track:4qbH4LTOL386Xfb0LFGO3t","Jungle Affair - The Soul Session Remix","Mo' Horizons, The Soul Session","The Banana Remixes","1","3","339073","spotify:user:yaydevally","2017-03-28T08:29:50Z"
"spotify:track:1uj2r7VnPAYkZexbxUc22c","I Love U, Pt. 1","Panthurr","I Love U","1","1","85000","spotify:user:yaydevally","2017-03-28T08:55:53Z"
"spotify:track:3F45nGBAvttOZfmMAbr4fX","Past the Margin","Jesse James","Monochrome Skies (The Instrumentals)","1","5","282149","spotify:user:yaydevally","2017-03-28T09:45:15Z"
"spotify:track:4OnBoAdcOLjmRjle7VYE60","We Back Now","Jesse James","Monochrome Skies (The Instrumentals)","1","2","238702","spotify:user:yaydevally","2017-03-28T09:45:42Z"
"spotify:track:2E3UTKrpqBO8eL8SCgiUo6","Dope Fiendz","Jesse James","Monochrome Skies (The Instrumentals)","1","3","279069","spotify:user:yaydevally","2017-03-28T09:45:56Z"
"spotify:track:33L8FtTOiAlhrVk31VpAyU","Here We Go Again","Jesse James","Monochrome Skies (The Instrumentals)","1","4","233472","spotify:user:yaydevally","2017-03-28T09:51:02Z"
"spotify:track:24wKAjzIK9EbboCOpUr0Pr","Rainy Dayz","Jesse James","Monochrome Skies (The Instrumentals)","1","7","263457","spotify:user:yaydevally","2017-03-28T09:59:43Z"
"spotify:track:3S1PsNjFaKLqJl59uUfKGT","Brainstorm","Jesse James","Monochrome Skies (The Instrumentals)","1","8","257079","spotify:user:yaydevally","2017-03-28T18:47:06Z"
"spotify:track:1aHDLmfXmFmDn1ST9oehcj","Why Not","Jesse James","Monochrome Skies (The Instrumentals)","1","15","276058","spotify:user:yaydevally","2017-03-28T18:48:35Z"
"spotify:track:3cwOPJzYmfA2tKX43rGxrj","Hot Jazzybelle","KAYTRANADA","Kaytra to Do","1","3","210784","spotify:user:yaydevally","2017-04-04T10:49:24Z"
"spotify:track:6NsbTFms0b0QeGAR24UWuW","Don't You Mind","Thrupence","Lessons","1","3","167834","spotify:user:yaydevally","2017-04-04T10:49:45Z"
"spotify:track:2xoXEO57FR2HrCearsQ82p","Away With Me","SpectraSoul, Tamara Blessa","Delay No More","1","7","266665","spotify:user:yaydevally","2017-04-04T10:52:42Z"
"spotify:track:2rdr8VQ1NPnoQLKfqEPFgl","The Hardest","Gasoline","Journey Into Abstract Hip Hop","1","2","242466","spotify:user:yaydevally","2017-04-04T10:54:57Z"
"spotify:track:2ycxKZ0HvoSPDbMWHvqztk","Memento","Omega One","The Lo-Fi Chronicles","1","3","229826","spotify:user:yaydevally","2017-04-04T10:55:29Z"
"spotify:track:1EcsJ8rFEOQDX5WSP0XdYC","Time Won't Tell","El-P","Weareallgoingtoburninhellmegamixxx3","1","6","176555","spotify:user:yaydevally","2017-04-18T10:13:50Z"
"spotify:track:3iJdQvKmo7ZKb5WdFi2UwC","Tears, Sand & Thorns","Mo Kolours, Jonwayne","Tears, Sand & Thorns (feat. Jonwayne)","1","1","224000","spotify:user:yaydevally","2017-04-18T10:24:24Z"
"spotify:track:3pDA36HLnMpU4zQBodX33d","Lucifer - Instrumental","Kev Brown","Brown Album Instrumentals","1","5","194089","spotify:user:yaydevally","2017-04-18T14:37:53Z"
"spotify:track:242lkn0gVE1pDg23b5FXzB","Didn't I (Guts Remix)","Darondo, Guts","Didn't I - EP","1","1","234426","spotify:user:yaydevally","2017-04-18T14:41:21Z"
"spotify:track:1ol1bXjAEEkNcb4xMJf0pK","My Scene - Instrumental","Leaf Dog","My Scene","1","2","157411","spotify:user:yaydevally","2017-04-18T14:51:34Z"
"spotify:track:11JFqgjgX4c3SEpnfTIgwh","Kingston","Ayatollah","Now Playing","1","5","163866","spotify:user:yaydevally","2017-04-18T18:21:31Z"
"spotify:track:7lyRa4Q6uCapI22mSbr5BT","Follow Me","Red Astaire","Nuggets for the Needy","1","1","282293","spotify:user:yaydevally","2017-04-18T18:26:19Z"
"spotify:track:2eGFixlUmSK3Yei80riTVe","Wake Up This Day","Tom Misch, Jordan Rakei","Beat Tape 2","1","5","229238","spotify:user:yaydevally","2017-04-23T11:56:30Z"
"spotify:track:04KsMCb9PZE2S0AtUU8Jhb","April Showers","Proleter","Curses from Past Times EP","1","1","275751","spotify:user:yaydevally","2017-04-23T12:00:45Z"
"spotify:track:4dsuow1fZgS4jUTdIQS6A5","I Need You Baby","Jesse James","The Big Bad Bay Area","1","1","201091","spotify:user:yaydevally","2017-04-23T12:04:03Z"
"spotify:track:7mXWtsSnIPMeUdAc3yCLmM","Rooftop Serenade - Original Mix","Anitek","Calm & Collect Vol. 3","1","1","195048","spotify:user:yaydevally","2017-05-04T07:19:34Z"
"spotify:track:3qvnal5QKBLH1Y083RVbiV","Mind Body and Soul","Mark Rae","Into the Depths","1","2","241906","spotify:user:yaydevally","2017-05-04T07:50:13Z"
"spotify:track:7miprZPQvjtfXd4Dg9yW25","Wartemarke","Flatpocket","Geldfundphantasyen","1","3","119048","spotify:user:yaydevally","2017-05-04T07:59:10Z"
"spotify:track:5n6C1qWyHrLada3FIpFD6A","Sofortrente","Flatpocket","Geldfundphantasyen","1","5","175546","spotify:user:yaydevally","2017-05-04T18:53:01Z"
"spotify:track:1kqwNPB5k7qP31d9IGJpbo","Nomoneynohoney","Flatpocket","Geldfundphantasyen","1","2","53084","spotify:user:yaydevally","2017-05-04T18:53:25Z"
"spotify:track:3RLIOozblKq4DqTkSUrWYD","Ghettos Worldwide","digitalluc","waitwait","1","6","172477","spotify:user:yaydevally","2017-05-11T11:15:25Z"
"spotify:track:4IFmWDAmI8tbOR5coe2F4k","Insomnia","Pete Philly, Perquisite","MINDSTATE","1","3","190778","spotify:user:yaydevally","2017-05-11T11:17:03Z"
"spotify:track:2mdUa4MudzXXG8o6meNq44","Heart Beat","Scratch Bandits Crew","31 Novembre","1","2","188466","spotify:user:yaydevally","2017-05-11T12:34:01Z"
"spotify:track:6iy9qv8j9iPnzd0MnbBNG2","Home","Benny Tones, Joe Dukie","Chrysalis","1","4","238480","spotify:user:yaydevally","2017-05-11T13:14:20Z"
"spotify:track:5vZ6WOx1bQM9N6CVDO4OKl","The Jazzz","Mr.Troy","Clear","1","4","107822","spotify:user:yaydevally","2017-05-18T10:10:06Z"
"spotify:track:5RLu3kJ1FzyXfhwxkx7lSw","Compass","Wun Two, CoryaYo","Waves","1","20","99726","spotify:user:yaydevally","2017-05-18T10:13:58Z"
"spotify:track:2pZgm670lDGJJPE9sVy6DF","Milt","Philanthrope","IWYMI Volume Nine","1","2","155556","spotify:user:yaydevally","2017-05-18T10:15:02Z"
"spotify:track:7pfp4mfwsoiHRPPSTna2hb","All We Are","Arts The Beatdoctor","Lost Track of Time; Unreleased 2002-2012","1","1","244282","spotify:user:yaydevally","2017-05-18T10:16:28Z"
"spotify:track:443mp6N9v6HSzMkWOIOuCD","From Heritage","Dday One","Heavy Migration","1","2","287626","spotify:user:yaydevally","2017-05-26T11:40:15Z"
"spotify:track:3sbGGW0bq6HgJQq8eNZhCm","Fly Me T' The Moon","Dibia$E","Sound Palace","1","14","134013","spotify:user:yaydevally","2017-05-29T11:35:03Z"
"spotify:track:2bZs6ovGK4pVkE6H3FjRwt","At Ease","Mr.Troy","T.A.P.E.","1","1","158376","spotify:user:yaydevally","2017-05-29T11:37:58Z"
"spotify:track:4F9qZ3PxXG9qKGtrrelZaB","In My Mind - Reprise","Lenzman, IAMDDB","Earth Tones","1","8","204332","spotify:user:yaydevally","2017-05-29T11:40:54Z"
"spotify:track:5DvPOS2OjuRPeMN4sfJ92A","Blending Quality","Arts The Beatdoctor","Transitions","1","1","235906","spotify:user:yaydevally","2017-05-29T11:43:54Z"
"spotify:track:5l2PMgMfAZpA9pQXL7GRJ1","You, Me, Here, Now","Detroit Swindle","Boxed Out","1","13","293836","spotify:user:yaydevally","2017-05-29T11:44:59Z"
"spotify:track:7BxCxFryZZaVRsIBxXWH1w","Addicted","Iman Omari","High-Loops & Higher-Loops","1","1","141143","spotify:user:yaydevally","2017-05-29T11:52:19Z"
"spotify:track:5uz6uyLSIFbYYcOLAlHaPP","More to Life (Ominous) (feat. Alex Watson, Ricky Ranking & Sincere)","Border Crossing, Alex Watson, Ricky Ranking, Sincere","Ominous","1","2","201559","spotify:user:yaydevally","2017-05-29T11:53:11Z"
"spotify:track:6xPDj42lEk8lNYWZBhIKfU","Yerba Buena Bump","Tommy Guerrero, Marc Capelle","Lifeboats and Follies","1","1","313026","spotify:user:yaydevally","2017-05-29T11:55:57Z"
"spotify:track:3oGqaG8lbdMzw4kgRb0CYz","Places","Shlohmo","Bad Vibes","1","2","302210","spotify:user:yaydevally","2017-05-29T11:56:54Z"
"spotify:track:2O7awM5LNWprnJ01Pp6gB0","Make My Day","Waldeck","Ballroom Stories","1","1","168102","spotify:user:yaydevally","2017-05-29T11:57:59Z"
"spotify:track:1kLIpZnTui4XA7cdlRiGDt","Beach Blanket Blood Bath","Blockhead","Bells and Whistles","1","4","282002","spotify:user:yaydevally","2017-05-29T12:01:08Z"
"spotify:track:0AGrZ05XXYhfXAsP1vnv4N","My Freedom Has No Price","Kognitif","Soul Food","1","3","241056","spotify:user:yaydevally","2017-05-29T12:02:15Z"
"spotify:track:6vQHxIHj6mFAsHgP6F52tf","Ms. Ho","Onra","Chinoiseries pt 2","1","21","116758","spotify:user:yaydevally","2017-05-29T12:03:33Z"
"spotify:track:5056hl2cR0ay3PeGDJD9hN","The Anthem - Unreleased Extended Version","Onra","The Anthem (Extended Version)","1","1","150934","spotify:user:yaydevally","2017-05-29T12:03:53Z"
"spotify:track:3mefxi9dd1jm800w4qGTDB","Head Nod Cartel","Figub Brazlevic","Train Yards","1","4","181395","spotify:user:yaydevally","2017-05-29T12:05:31Z"
"spotify:track:2UcChqCHjyrTAczhVIMBhX","9 Summers Ago","Damu The Fudgemunk","Spare Overtime Re-Inspired","1","12","99573","spotify:user:yaydevally","2017-05-29T12:06:02Z"
"spotify:track:3tGJT7lixGjlTXfwCwMdmY","Two Suns","Tor","Blue Book","1","2","273533","spotify:user:yaydevally","2017-05-29T12:08:19Z"
"spotify:track:5EGJ7e7frJjYja6H4afzoT","Bambro Koyo Ganda","Bonobo, Innov Gnawa","Migration","1","7","302428","spotify:user:yaydevally","2017-05-29T12:08:43Z"
"spotify:track:3vn4bs2yhs4ITd0kfiHnic","Blunted Lapdance","Joe Beats","Falcon By Design","1","8","183520","spotify:user:yaydevally","2017-05-29T12:09:24Z"
"spotify:track:4bnljeOApVMtnnWwgFOVeB","It's Just A Playground","Dday One","Heavy Migration","1","12","252466","spotify:user:yaydevally","2017-05-29T12:12:15Z"
"spotify:track:3HdUrpkAow3u2nX7ftTjOp","Floating Beams","Pavel Dovgal","The Aura","1","1","182810","spotify:user:yaydevally","2017-05-29T12:13:59Z"
"spotify:track:2NqDHHA21WDXtpbedTuTQd","Kickit","Skipless","Beaumont / Kickit Remixes","1","4","120514","spotify:user:yaydevally","2017-05-29T12:17:10Z"
"spotify:track:50yO4cItpawRRgLEsUZexP","Day After Day","Auditive Escape","Peripetia","1","3","193846","spotify:user:yaydevally","2017-05-29T16:51:05Z"
"spotify:track:3XcCFafAyOyUUCFbRiASnV","Gorilla - Jon Kennedy Remix","Protassov","Fantastic Freeriding EP","1","4","345051","spotify:user:yaydevally","2017-05-29T16:51:32Z"
"spotify:track:1pjoFZ8E3rS8cirGl8R9ru","Heikki","Tor","Drum Therapy","1","2","319760","spotify:user:yaydevally","2017-05-29T16:51:54Z"
"spotify:track:5cm4s0jnMVyKD4IpHHKDpA","It's All Good Tho","Wandl","It's All Good Tho","1","13","70230","spotify:user:yaydevally","2017-06-02T19:16:37Z"
"spotify:track:49N38FX84763M2v8zjfs2O","Mellowtune","Potatohead People","Mellowtunes EP","1","2","249226","spotify:user:yaydevally","2017-06-07T11:37:43Z"
"spotify:track:1NvBjEUgjA4IAcvVf68I5h","Hired Goons","Evil Nine","You Can Be Special Too","1","15","344400","spotify:user:yaydevally","2017-06-07T11:45:15Z"
"spotify:track:6wMi7IkqHnHjwWS77pwSW5","Air Lock","Kona Triangle","Sing a New Sapling into Existence","1","8","248173","spotify:user:yaydevally","2017-06-09T08:25:53Z"
"spotify:track:759azJbpamSPv7c27WHRu9","Nobody","Rag'n'Bone Man, Leaf Dog","Dog 'n' Bone","1","1","165400","spotify:user:yaydevally","2017-06-09T08:26:43Z"
"spotify:track:2fidvALAD0Fn5BToaiosy2","My Life's In These Bottles","Loka","Xen Cuts","1","24","328866","spotify:user:yaydevally","2017-06-10T17:48:25Z"
"spotify:track:7ze6E2OAiJwzPLUJNzzeRe","Street Jazz","K-DEF","One Man Band","1","5","187161","spotify:user:yaydevally","2017-06-11T07:08:16Z"
"spotify:track:4jrnabJuksUnzUfDlv1gIE","Revenge Of The Bomberclad Joint","Knowtoryus","Revenge Of The Bomberclad Joint","1","1","277360","spotify:user:yaydevally","2017-06-11T07:09:31Z"
"spotify:track:43dzZVjLpB2PzR2NhiDlQC","Late October - Fat Jon Instrumental","5 Deez, Fat Jon","Superrappin - The Album, Vol. 2 (Instrumental Version)","1","5","297453","spotify:user:yaydevally","2017-06-11T07:10:36Z"
"spotify:track:0pg2VKzTsBdbxPzcOkReY2","A grand love theme","Kid Loco","A Grand Love Story","1","1","242800","spotify:user:yaydevally","2017-06-11T11:50:16Z"
"spotify:track:0VuzA7lyIFn1VzinsOak8J","93 'Til Infinity - LP Instrumental","Souls Of Mischief","93 'Til Infinity (The Remixes)","1","6","292053","spotify:user:yaydevally","2017-06-11T11:51:38Z"
"spotify:track:2lUee32MAzfyYvFyZku6x1","Purple","Marek Hemmann","Moments","1","4","358086","spotify:user:yaydevally","2017-06-11T11:53:09Z"
"spotify:track:2VRjBAR75uiFsUoA2fcTFn","As I Lay Dying","Diplo","F10RIDA","1","15","232946","spotify:user:yaydevally","2017-06-13T11:17:26Z"
"spotify:track:014S84Cgs1uGmWOIW6V9U9","A Little Soul","Pete Rock","Petestrumentals - 10th Anniversary Expanded & Limited Edition","1","1","341200","spotify:user:yaydevally","2017-06-13T11:43:42Z"
"spotify:track:6PX8IpFbf84tV4l1D9S0bh","walkright","Bahwee","Flavors","1","8","124160","spotify:user:yaydevally","2017-06-13T11:46:41Z"
"spotify:track:2FYiwgmJZNQFXtvvVQvOdI","Soundgirl Personal","Fat Jon","Repaint Tomorrow","1","3","165697","spotify:user:yaydevally","2017-06-13T11:50:34Z"
"spotify:track:2KA771ZeeImeyTQlyyVm47","Adam","Ishome","Confession","1","2","250682","spotify:user:yaydevally","2017-06-13T11:54:09Z"
"spotify:track:2SZDn4O5PiJxeOReNuee0O","Wandfarbe (feat. fLOwTEC)","FloFilz, Flowtec","Metronom","1","1","118573","spotify:user:yaydevally","2017-06-13T11:55:32Z"
"spotify:track:5DrhX5WrnzIGRPu8JvFvQh","Space Vandals","Moderator","The World Within","1","9","202880","spotify:user:yaydevally","2017-06-13T12:03:04Z"
"spotify:track:43Fqg2SD5As4aFabpdRKWd","Taps On","Kelpe","Margins EP","1","4","235743","spotify:user:yaydevally","2017-06-13T12:28:11Z"
"spotify:track:5g6zhzQfzzZ3EZ41xRmiS0","2040","Free The Robots, Jon Wayne","The Balance","1","11","162133","spotify:user:yaydevally","2017-06-13T12:29:11Z"
"spotify:track:0Ip2pWYQmo8NUxKql20QPk","Jaded","Lone","Reality Testing","1","9","289082","spotify:user:yaydevally","2017-06-29T07:09:56Z"
"spotify:track:1TeWsCc5bVirxuWn0i40kg","Funny Guy","Smokey Joe & The Kid, Fred Wesley","Running to the Moon","1","6","251739","spotify:user:yaydevally","2017-06-29T08:23:39Z"
"spotify:track:1BnZcNa17Tcg81btn7g9Vq","Spliff Break","Chris Lorenzo","Destroy the Image","1","8","161367","spotify:user:yaydevally","2017-06-29T08:30:01Z"
"spotify:track:1zZffBYAhhrtTHZjtcD8RH","Everything (feat. Bajka)","Radio Citizen, Bajka","Berlin Serengeti","1","3","243040","spotify:user:yaydevally","2017-06-29T10:51:28Z"
"spotify:track:2xdh28dWDDX41LK5DIWkOp","La Divina","Parov Stelar Trio","The Invisible Girl","1","7","283933","spotify:user:yaydevally","2017-06-30T09:43:45Z"
"spotify:track:37h0skbIO2TSSP8Odlpkkn","Truth","Submerse","Works","1","1","165600","spotify:user:yaydevally","2017-06-30T09:43:49Z"
"spotify:track:2xtmsHsP6uEfE0EZbQ5PFz","Rich at Heart","CharlesTheFirst","Rich at Heart","1","1","150461","spotify:user:yaydevally","2017-06-30T09:44:36Z"
"spotify:track:3BEmmHuv5jm0tbCUVI6ceD","The Crow","DJ Food","Kaleidoscope","1","6","373373","spotify:user:yaydevally","2017-06-30T09:48:10Z"
"spotify:track:5XqTG9sDR3N2Zlyx79raoF","We're Gettin’ Down","Tek 9","It’s Not What You Think It Is !!?!","1","5","301160","spotify:user:yaydevally","2017-07-06T07:59:33Z"
"spotify:track:5LB8Xop5SuozvPINeSSMf5","Silver","Bonobo","Animal Magic","1","10","393533","spotify:user:yaydevally","2017-07-09T06:03:06Z"
"spotify:track:2EoZN6nXH0cPGnkouSXNzm","Bones","Lazlo Hollyfeld","The Pacer EP","1","5","253906","spotify:user:yaydevally","2017-07-10T09:10:08Z"
"spotify:track:4jwB25eTwMNal8spkjEG8O","Blue Sunday","Maribou State","Truths","1","1","344346","spotify:user:yaydevally","2017-07-10T09:45:09Z"
"spotify:track:70gmuuu8obftUU0z0mIKkb","I Neva Dared","Module","Remarkable Engines","1","3","294600","spotify:user:yaydevally","2017-07-10T10:17:05Z"
"spotify:track:23t2WMVoYKR9XqLVsk6WAG","Let the Funk Ride","Aim","Means of Production","1","3","311480","spotify:user:yaydevally","2017-08-04T23:35:34Z"
"spotify:track:41aTJx3zjZuQbT4jIaV87g","Chase Me","Hexstatic","Master-View","1","2","293146","spotify:user:yaydevally","2017-08-04T23:49:25Z"
"spotify:track:6QLp8WLQlkqSd9l5fEt36R","Moon","Little People","Mickey Mouse Operation","1","2","227866","spotify:user:yaydevally","2017-08-08T22:04:53Z"
"spotify:track:5ARzSbwswx5twNmOr1eOb2","Armadilla","Bassti","Lost and Found","1","2","92045","spotify:user:yaydevally","2017-08-09T23:50:59Z"
"spotify:track:1Q9WtjLnMCSsdVdKxAWtLy","Hip Hop feat.Twone Gabz - Instrumental","DJ Jazzy Jeff","The Return Of The Magnificent (instrumental)","1","1","294546","spotify:user:yaydevally","2017-08-21T14:24:17Z"
"spotify:track:6WgpNDZeOKYbHQS4b1ciPA","Party With Children","Ratatat","LP4","1","8","177853","spotify:user:yaydevally","2017-09-04T11:51:14Z"
"spotify:track:2aqBvf4lxYnJ112aqVXEFA","The Hop (feat. Bajka)","Radio Citizen, Bajka","Berlin Serengeti","1","1","214080","spotify:user:yaydevally","2017-09-04T11:54:49Z"
"spotify:track:58M2A8KjUuyMUgTcbSohWw","Skanky Panky","Kid Koala","Some Of My Best Friends Are DJs","1","7","203840","spotify:user:yaydevally","2017-09-04T11:55:16Z"
"spotify:track:55bFnrLvc4tUvHVngYhMV3","Concept 1","Kodomo","Still Life","1","4","307546","spotify:user:yaydevally","2017-09-04T11:56:52Z"
"spotify:track:6n38bJAd4Lwhe4d30TBIou","Northwest","Aim","Flight 602","1","3","285946","spotify:user:yaydevally","2017-09-04T11:57:09Z"
"spotify:track:5pA39NQIP1nZgvFxV5Fi7S","Good Disease","Aim, Stephen Jones","Hinterland","1","7","263280","spotify:user:yaydevally","2017-09-04T11:58:21Z"
"spotify:track:4IBwgoDpNG2p7EouVtFw0E","Venice Venture","Big Wild","Venice Venture","1","1","220865","spotify:user:yaydevally","2017-09-04T11:59:32Z"
"spotify:track:42oxODsk5tdak8SjOQiEOs","Yo","Flamingosis","1 Year of Rootnote","1","1","152727","spotify:user:yaydevally","2017-09-04T12:05:02Z"
"spotify:track:4GSCvqBoXHRXZdEdzHJq7r","Lion - Jamie XX Remix","Four Tet","Pink Remixes","1","3","428500","spotify:user:yaydevally","2017-09-04T12:06:39Z"
"spotify:track:2QYM6vwhjafvhvFsN9ovIV","Spread Love","V.I.V.E.K","Eyes Down EP","1","2","390854","spotify:user:yaydevally","2017-09-04T12:15:38Z"
"spotify:track:2txzYbutV3fMyJjGqWpt1G","Low Down","HashFinger","Kites","1","1","153103","spotify:user:yaydevally","2017-09-04T12:15:51Z"
"spotify:track:511IqVVwoTtJ9LO8833ufv","Speechless - Drum & Bass","Count Basic","The Remix Hit Collection Vol. 1","1","4","411706","spotify:user:yaydevally","2017-09-04T12:16:25Z"
"spotify:track:1Mq8W0CsCl5ZON0yOW7HRl","Strange - Original Version","Mr. Moods, Darkside","Strange","1","1","207915","spotify:user:yaydevally","2017-09-04T12:18:29Z"
"spotify:track:0D5uuEYg0MNiNhrxwA41kl","Why Should I Cry?","Avia","I See That Now...","1","3","232013","spotify:user:yaydevally","2017-09-04T12:19:16Z"
"spotify:track:1SCzBYUakrKCCFd8Zzh3zB","Night Out","Slackwax","Slackwax EP","1","3","324813","spotify:user:yaydevally","2017-09-04T12:19:31Z"
"spotify:track:5nqw4dpNtD36A0RYGkYGxA","Solsidan - Original Mix","HNNY","Solsidan / Alby","1","1","305364","spotify:user:yaydevally","2017-09-04T12:22:10Z"
"spotify:track:3tuaigI8HV48Ri1rHlHjuE","Nature Blues","Frenic","Dr. DAD","1","4","167004","spotify:user:yaydevally","2017-09-04T12:22:18Z"
"spotify:track:3mYX7FSJLpu5EybAkailzm","Rain","Senbeï","Army of Me - EP","1","2","264130","spotify:user:yaydevally","2017-09-04T12:23:32Z"
"spotify:track:7aZTn0qOOWmC7lDrBBvytB","Chasing Clouds","Kinobe","Choose Your Own Adventure","1","3","256313","spotify:user:yaydevally","2017-09-04T12:25:11Z"
"spotify:track:15p4zvWigjysxyDwabL8Gw","I Wan'Na Be Like You (The Monkey Song)","Louis Prima, Phil Harris","The Jungle Book Original Soundtrack (English Version)","1","5","279560","spotify:user:yaydevally","2017-09-04T12:27:45Z"
"spotify:track:4xFVqnAYecgGlrPb32HSSI","The Novel Sound","Llorca","Newcomer","1","1","427160","spotify:user:yaydevally","2017-09-04T12:28:40Z"
"spotify:track:4xSs79oSJU5Buxlo1q56pX","The End","Llorca","Newcomer","1","9","445600","spotify:user:yaydevally","2017-09-04T12:29:15Z"
"spotify:track:2xK5rPVRQuBS3R1v7YXWU8","Pure Easy","The Dining Rooms","Numero Deux","1","1","276375","spotify:user:yaydevally","2017-09-04T12:30:41Z"
"spotify:track:4tqSTopUiueGZMvPthpqEf","Harmonicas Are Shite","Fila Brazillia","Maim That Tune","1","7","391386","spotify:user:yaydevally","2017-09-04T12:30:54Z"
"spotify:track:4CFAqfPJlI1jSwavyfMkqv","Yachts (feat. Chris Coco)","A Man Called Adam, Chris Coco","Collected Works, Volume One","1","2","343676","spotify:user:yaydevally","2017-09-04T12:31:08Z"
"spotify:track:42KH8RyUTkxfjf46I7MQXP","Sit Down","Shazz, Michael Robinson","Les Régates Impériales","1","1","225000","spotify:user:yaydevally","2017-09-04T12:31:24Z"
"spotify:track:4pacjgB9HKMh2BVVQR1Bnb","Loafin'","The Deadbeats","Made In The Shade","1","6","383383","spotify:user:yaydevally","2017-09-04T12:31:35Z"
"spotify:track:0U6AkT4YR4nVdgpbIJvvCM","Metti Una Sera A Cena - Jazzanova Remix","Balanço","More","1","15","382955","spotify:user:yaydevally","2017-09-04T12:33:57Z"
"spotify:track:0caUoX71D8MNwFagsN5QzF","Teddy Acapulco","Vono Box","El Vono","1","2","308013","spotify:user:yaydevally","2017-09-04T12:34:32Z"
"spotify:track:5rWj80ADs9hoU86UFz5Sul","Berry Love You B","Berry Weight","Unreleased","1","1","244950","spotify:user:yaydevally","2017-09-04T12:35:44Z"
"spotify:track:7uD8LXoFl2dfzvmTdi9ci1","Monkey Stones","Frenic","Dr. DAD","1","3","163200","spotify:user:yaydevally","2017-09-04T12:36:11Z"
"spotify:track:0HhQkstGTMMPNy5FyK74oe","The Hypnotic","Kabanjak","Rhythm","1","4","243866","spotify:user:yaydevally","2017-09-04T12:36:51Z"
"spotify:track:378VLW9oHeTOGW7svdN6Fg","Outside Your Doorway","2econd Class Citizen","The Small Minority","1","3","233482","spotify:user:yaydevally","2017-09-04T12:37:10Z"
"spotify:track:6avZNHsVLhuBvyg75cKdVw","Tornado (Instrumental)","The Polish Ambassador","Dreaming of an Old Tomorrow (Instrumentals)","1","2","244065","spotify:user:yaydevally","2017-09-04T12:37:53Z"
"spotify:track:3rfV0emjPY7hJpEauhOJ79","जीव","Moth Equals","One Tusk","1","8","232000","spotify:user:yaydevally","2017-09-04T12:38:40Z"
"spotify:track:4Tw4ikxkmiH3Abrzxnd63O","The Heavens Opened and Closed","Moth Equals","One Tusk","1","5","206837","spotify:user:yaydevally","2017-09-04T12:38:53Z"
"spotify:track:6ttR9PMMtt1QyGmPWKRRow","Hi-Wa Itck","Moth Equals","Honey Trap","1","12","286400","spotify:user:yaydevally","2017-09-04T12:42:22Z"
"spotify:track:0SqOkoNn7rBoXkVczuByWV","Deathless Audio","Frenic","Dr. DAD","1","1","304000","spotify:user:yaydevally","2017-09-04T12:43:43Z"
"spotify:track:6Yhixix2nKBGB2PI1z1P0d","Kefi","Harald Kindseth","Ocean Brie","1","1","202600","spotify:user:yaydevally","2017-09-05T13:01:33Z"
"spotify:track:27lwKoxmmv7pbklRWWEhYr","The Turning Point","DJ Format","If You Can't Join 'Em… Beat 'Em","1","5","314506","spotify:user:yaydevally","2017-09-05T13:06:55Z"
"spotify:track:4waE9P6nLmok9FPo0GteRo","Mystery","Milo Mills","Paradise Soon","1","6","110769","spotify:user:yaydevally","2017-09-05T13:08:41Z"
"spotify:track:5IyrmchZpgTzL1NHDOIhdE","Who's Got The Bacon?","Howie B.","Turn The Dark Off","1","8","264573","spotify:user:yaydevally","2017-09-05T13:18:21Z"
"spotify:track:2iN3sND7JNguttGbuyr8pe","Duet","Gonjasufi","A Sufi And A Killer","1","10","186200","spotify:user:yaydevally","2017-09-11T06:01:13Z"
"spotify:track:3exsUVy59YO9VcLOo8qvAL","Sunrise In Paris - Original Mix","Jenova 7, Mr. Moods","Time Travellers II","1","4","192261","spotify:user:yaydevally","2017-09-11T06:04:18Z"
"spotify:track:1QuON1epjuRDg6PbGGLKCb","Overhead","Professor Kliq","The Scientific Method, Vol 2","1","15","315733","spotify:user:yaydevally","2017-09-11T06:06:49Z"
"spotify:track:2cXHGk1xgwKBghFTBTYQJ5","From Home, to Work, and Back..","Tall Black Guy","8 Miles to Moenart","1","4","173440","spotify:user:yaydevally","2017-09-11T06:30:33Z"
"spotify:track:51xTVJctR9WkFpcC4hGNaF","Pictures (feat. Josa Peit)","Dexter","The Trip","1","17","218900","spotify:user:yaydevally","2017-09-11T06:44:06Z"
"spotify:track:0iRET0qH1iCZkz2UoePUnU","In My Car","Gold Panda","Good Luck And Do Your Best","1","2","267733","spotify:user:yaydevally","2017-09-11T06:58:58Z"
"spotify:track:6dB6YYgBOPtzt37Fa0M8Eh","Recuring Dream","Elaquent","The Scenic Route","1","1","173127","spotify:user:yaydevally","2017-09-11T07:01:07Z"
"spotify:track:3haSQ1sTtD7UuRI510NGwr","Channel 1 Suite","The Cinematic Orchestra","Motion","1","4","350520","spotify:user:yaydevally","2017-09-16T06:13:36Z"
"spotify:track:4KQz5dAQALTezCFe8RhM3T","Jazz Master","Alex Reece","So Far","1","2","334933","spotify:user:yaydevally","2017-09-19T15:48:55Z"
"spotify:track:3cC4TINErPyxCWtSN9w32h","Figure Numatic","Nubiyan Twist","Figure Numatic","1","1","370610","spotify:user:yaydevally","2017-09-28T05:16:19Z"
"spotify:track:2WsCIAAQLuVB40Fx3LUEhN","Fluid Mechanics","Reso","Kodama","1","2","229833","spotify:user:yaydevally","2017-09-28T05:21:46Z"
"spotify:track:6KOfWvbeZiCdMCGSEmptt0","Everyday Scenario","Brenk Sinatra","Gumbo II: Pretty Ugly / Lost Tapes","1","5","109200","spotify:user:yaydevally","2017-09-28T05:29:14Z"
"spotify:track:3OsTZaxDWytFQL7wML9AkR","Adhara","Fat Jon","Hundred Eight Stars","1","1","253376","spotify:user:yaydevally","2017-09-28T05:44:52Z"
"spotify:track:6E30FgCm4lAmUjbGoZsR22","Shut Up","Betty Ford Boys","Retox","1","9","149666","spotify:user:yaydevally","2017-09-28T05:53:41Z"
"spotify:track:2JcFnJcfunx9ydES6ffKdm","Polyfizzal Drizzal","Desmond Cheese","Fame & Fortune","1","5","282946","spotify:user:yaydevally","2017-09-28T05:56:36Z"
"spotify:track:0Sj035l9msaP8sj6CDqAPk","1993","DJ Signify","Of Cities","1","9","211386","spotify:user:yaydevally","2017-09-28T06:11:30Z"
"spotify:track:0Oim7ZcV2NzoAdR2YtHGbr","Elevator","Swindle, TC","Peace, Love & Music","1","13","221933","spotify:user:yaydevally","2017-09-28T06:29:23Z"
"spotify:track:0ng3EsPSuIhLOoYMedRh5s","Shine","The Alchemist","Rapper's Best Friend (An Instrumental Series)","1","14","273106","spotify:user:yaydevally","2017-09-28T06:41:04Z"
"spotify:track:78Et85CyEb5fmvhQavjf4F","Smile","Ours Samplus","Smile","1","1","170016","spotify:user:yaydevally","2017-09-28T06:42:46Z"
"spotify:track:5fLZuNSgxfmwz2E2uDarIj","Lazy Soul","Mux Mool","Drum EP 2","1","6","268559","spotify:user:yaydevally","2017-10-02T05:20:42Z"
"spotify:track:52T8FsSHPKao14Z4uWQb76","Nightlife","Amon Tobin","Permutation","1","5","389613","spotify:user:yaydevally","2017-10-02T05:43:41Z"
"spotify:track:0Smxi47vM9rcOiUXsYuxER","Clin D'oeil","Jazz Liberatorz","Clin D'oeil","1","1","424160","spotify:user:yaydevally","2017-10-02T06:19:59Z"
"spotify:track:4Cb0QopUtV4wfImP03VNUJ","The Light","Cunninlynguists","A Piece Of Strange","1","16","329946","spotify:user:yaydevally","2017-10-02T06:28:26Z"
"spotify:track:6NIvjS7By41g6i4h8ZSRZC","on the one & three","zero dB","Bongos, Bleeps & Basslines","1","8","337693","spotify:user:yaydevally","2017-10-03T08:46:09Z"
"spotify:track:5unxEYPT3tir8IDF390YnP","te quiero","zero dB","Bongos, Bleeps & Basslines","1","7","391360","spotify:user:yaydevally","2017-10-03T09:06:36Z"
"spotify:track:5XVNgGhxItxSOQBVxHuzjY","That Girl","Iman Omari","High-Loops & Higher-Loops","1","18","141750","spotify:user:yaydevally","2017-10-06T22:49:28Z"
"spotify:track:1DWNQ9ZC6Ttmst24QcmR4F","Soul Power","Mecca:83, KAZUMI KANEDA","Life Sketches Vol. 3","1","8","208321","spotify:user:yaydevally","2017-10-10T08:40:31Z"
"spotify:track:16A5fpcwWEvgTBA7OeYZu5","Thought Seeds","DJ Frane","Electric Garden of Delights","1","1","252226","spotify:user:yaydevally","2017-10-12T09:39:11Z"
"spotify:track:6qP4VUBsSCro7ejWZBifjn","Heroine","Wildcookie","Cookie Dough (Freddie Cruger & Anthony Mills)","1","6","229960","spotify:user:yaydevally","2017-10-21T18:14:44Z"
"spotify:track:3t0jdtXL8Ya9gNaCDPWTjK","Rabia","Umoja","Vuelo Nocturno","1","4","224000","spotify:user:yaydevally","2017-10-21T18:19:43Z"
"spotify:track:1JkCKa7ySlmtczaeqsMvA2","Desmond's Empire","O'Flynn","Tyrion / Desmond's Empire","1","2","276206","spotify:user:yaydevally","2017-10-22T05:23:46Z"
"spotify:track:5KYL8pl16z08zdXtmct8KC","Export Import","Tosca","Export Import","1","1","406895","spotify:user:yaydevally","2017-10-23T05:11:21Z"
"spotify:track:3ifYRl7NEA3WSxXAXtgXKw","We Are Coming - Max Graef Remix","Mr. Scruff","We Are Coming (Max Graef Remix)","1","1","448510","spotify:user:yaydevally","2017-10-23T05:20:45Z"
"spotify:track:2KsxLCT6WgBp5RczX2K9mE","Kololi Under The Moon - Original mix","Populous","Senegambia Rebel","1","1","215892","spotify:user:yaydevally","2017-10-26T20:04:06Z"
"spotify:track:68XtqwdhMs8i39J3LILQs4","Baited - Original Mix","Electrocado","Scribble","1","1","360000","spotify:user:yaydevally","2017-11-03T12:56:56Z"
"spotify:track:095Ywi8yA0d2ZDpdPYrqsq","Midwest","DJ Unwind","Truth Beyond the Beat","1","5","218613","spotify:user:yaydevally","2017-11-04T16:35:24Z"
"spotify:track:4h1TgVQBy4VVkcwJpZFDbN","Outside The Box","40 Winks","It's The Trip","1","2","205977","spotify:user:yaydevally","2017-11-12T13:22:11Z"
"spotify:track:5VxHtln8GvqtvkxMB0tV0S","The Inside Man - Soopasoul remix","Funky Destination","Revolution Is Only Solution","1","8","440350","spotify:user:yaydevally","2017-11-12T13:24:32Z"
"spotify:track:7hb2hEHV71IqQFz3WrhAUj","Stakes Is High","Dela","Atmosphere Airlines Vol.1","1","3","128114","spotify:user:yaydevally","2017-11-12T13:38:08Z"
"spotify:track:5DBHf9TJyINVithuciTmic","Mad Blunted Jazz","DJ Cam","Underground Vibes","1","3","310413","spotify:user:yaydevally","2017-11-17T10:48:51Z"
"spotify:track:7eG85nwjHifIsH99lbD62L","Boom Clack","Jon Kennedy","Corporeal","1","1","306924","spotify:user:yaydevally","2017-11-17T10:59:32Z"
"spotify:track:2G6dtpFgHX75Ei0ros3opC","Goodbye","Scratch Bandits Crew","Stereo 7","1","7","251927","spotify:user:yaydevally","2017-11-17T11:12:26Z"
"spotify:track:283yu0WVrDlM76Wi12t6Vm","Dandilion","Funkommunity","Chequered Thoughts","1","4","286880","spotify:user:yaydevally","2017-11-17T11:32:39Z"
"spotify:track:36JQCzlMLAAwps8ZBRHG2H","One of These Days","The Q4","Sound Surroundings (Deluxe Edition)","1","2","239646","spotify:user:yaydevally","2017-11-17T12:10:24Z"
"spotify:track:5xiaeeBABjWwxekDQKSAzu","Don't Mean A Thing","Lapalux","Lustmore","1","10","348741","spotify:user:yaydevally","2017-11-17T12:29:12Z"
"spotify:track:6gUTqWQfFxidzMpF3qOllH","Kouign Amann","20syl, Kafutchino","La Boulangerie, vol. 3 (La Fine Équipe & Friends)","1","2","247368","spotify:user:yaydevally","2017-11-18T13:20:24Z"
"spotify:track:37WssUIwxFxg785SVYSc6H","The Keeper - Alex Banks Remix","Bonobo, Andreya Triana, Alex Banks","Black Sands Remixed","1","2","371133","spotify:user:yaydevally","2017-11-29T14:51:56Z"
"spotify:track:3HZWqLhVeBLScoeaTK8IIS","Mama Jay","Frizzy P & Mr Cole","Ladi Dadi","1","4","225255","spotify:user:yaydevally","2017-12-04T06:41:18Z"
"spotify:track:7wDZW9hN9fAXOzEffY7ejA","Saragossa","Skalpel","Transit","1","6","163253","spotify:user:yaydevally","2017-12-05T12:27:35Z"
"spotify:track:0uZYMIKrE9LLqwCmuG9Gx9","Get It Together","TM Juke, Bread & Water","Maps from the Wilderness","1","3","381813","spotify:user:yaydevally","2017-12-12T11:16:56Z"
"spotify:track:3CPEHHI4FNetNwk5OG7Itr","Only Sequences Change","Blockhead","The Music Scene","1","3","284266","spotify:user:yaydevally","2017-12-12T12:59:44Z"
"spotify:track:4iB8tsFTPqOAnrCBsz3Baa","Which One Of You Jerks Drank My Arnold Palmer","Blockhead","The Music Scene","1","4","288560","spotify:user:yaydevally","2017-12-12T13:00:09Z"
"spotify:track:4fUAxTnK9nc4UYJNQbsimy","Attack The Doctor","Blockhead","The Music Scene","1","5","346440","spotify:user:yaydevally","2017-12-12T13:00:31Z"
"spotify:track:5oWHRXKO10k0MNMR4YCA7W","The Prettiest Sea Slug","Blockhead","The Music Scene","1","6","275600","spotify:user:yaydevally","2017-12-12T13:10:51Z"
"spotify:track:1fqrSCC1jBVOqDs8hVSkWU","The Daily Routine","Blockhead","The Music Scene","1","7","408360","spotify:user:yaydevally","2017-12-12T13:11:03Z"
"spotify:track:5IBdFZzoSHqu6iGq3V4U7o","Hell Camp","Blockhead","The Music Scene","1","11","277714","spotify:user:yaydevally","2017-12-12T13:17:23Z"
"spotify:track:2LH8eZOTAp4spvNCuLvZ8V","Farewell Spaceman","Blockhead","The Music Scene","1","12","395373","spotify:user:yaydevally","2017-12-12T13:20:57Z"
"spotify:track:6AHrjNGEAwOJ6TccgEQMec","Right Now","Tsuruda","Move","1","6","107027","spotify:user:yaydevally","2017-12-15T12:43:00Z"
"spotify:track:4g49Jw7JmEkv9fO3yowEgQ","Angst","Valentin Stip","Angst","1","3","413495","spotify:user:yaydevally","2017-12-16T12:24:58Z"
"spotify:track:6zcaz3T7afuq0lwVYhqUFv","Haiku","delt","Loose Tracks","1","6","102014","spotify:user:yaydevally","2017-12-16T12:29:23Z"
"spotify:track:4JCmpKszRvku5euErqBIPO","Da Feelin","Nightmares On Wax","Thought So…","1","2","281626","spotify:user:yaydevally","2017-12-16T12:32:35Z"
"spotify:track:5APnRHRaXCO0iQWQFpwKdg","A Distant View","Flevans","A Distant View","1","6","269333","spotify:user:yaydevally","2017-12-16T12:35:59Z"
"spotify:track:02G42teKnMwPwDFEKUfdct","Loop No 1","Moomin","A Minor Thought","1","3","372041","spotify:user:yaydevally","2017-12-16T13:00:40Z"
"spotify:track:3mpREieq9LagvI9PX9Jljw","The Dream","TrinityRoots","Home, Land and Sea","1","3","538333","spotify:user:yaydevally","2017-12-16T13:13:55Z"
"spotify:track:5ZtKJy1I3RfBfgEPiTWaDn","Goldrush","The Herbaliser","Very Mercenary","1","5","369586","spotify:user:yaydevally","2017-12-16T13:16:05Z"
"spotify:track:0pAcTC4s2ZC5E7B62vAbwE","What's The Word (feat. Nas)","Joe Fox, Nas","What's The Word (feat. Nas)","1","1","170865","spotify:user:yaydevally","2017-12-16T13:26:24Z"
"spotify:track:6go7OFrxZHAY5yLBCi2hF5","Spilling into You","Poppy Ajudha, Kojey Radical","Spilling into You","1","2","232361","spotify:user:yaydevally","2017-12-16T13:36:10Z"
"spotify:track:0Brf1s65f8eekORKK9gpe4","Adieu, Pt. II","Tchami","Revelations EP","1","6","252413","spotify:user:yaydevally","2017-12-16T13:41:23Z"
"spotify:track:6ffa5bR3EvkDecHADrhetd","Elnino","Green Assassin Dollar","Stem.​TΔpe","1","7","90000","spotify:user:yaydevally","2017-12-16T13:43:27Z"
"spotify:track:1ZDDjXReDwZOuFu36GGYKj","Lost in the Moment","Darius, Wayne Snow","Lost in the Moment","1","1","264013","spotify:user:yaydevally","2017-12-16T13:46:47Z"
"spotify:track:3dbo4Fzw8KuynvTXJEPjCB","Ketto Revisited (feat. Bonobo)","Kidkanevil, Bonobo","Back off Man, I'm a Scientist","1","10","427800","spotify:user:yaydevally","2017-12-18T11:26:21Z"
"spotify:track:7gzNRg7SPdri7QuvI0mlOH","Aqua Libra - Down Beat Mix","Coolblu","Aqua Libra","1","2","416080","spotify:user:yaydevally","2017-12-18T11:28:20Z"
"spotify:track:6aEn5sPDNna2xFupz70KdJ","Pick Up the Pieces","Zed Bias, Boudah","Different Response","1","7","385504","spotify:user:yaydevally","2017-12-18T11:40:26Z"
"spotify:track:4gzP3HL2uJViYRN3HdzdeR","Silent Hi-Fi (feat. Saqi)","The Human Experience, SaQi","Embraced","1","9","305727","spotify:user:yaydevally","2017-12-18T11:49:25Z"
"spotify:track:17fY84uv4pbrAjVJmpUyW6","Jazzzz in Ya Bones (feat. Pete Murano & E O)","The Human Experience, Pete Murano, Eo","Embraced","1","6","283000","spotify:user:yaydevally","2017-12-18T11:53:47Z"
"spotify:track:5qNYU5Oe9ZmYmvVde2EvGy","The Hustle","Alan Wilkis","The Hustle","1","1","218000","spotify:user:yaydevally","2017-12-18T12:09:25Z"
"spotify:track:6Jl0t3DJF8xbbi7uOhJUnh","Welcome 2 Berlin","IAMNOBODI","Snapshots from Berlin","1","1","176617","spotify:user:yaydevally","2017-12-18T13:21:00Z"
"spotify:track:6AqHqZtIMNezCHOTpImvLx","Don't Cry (feat. Slone)","The Jazz Jousters, Slone","Third Pass (Three Years of Jousting)","1","2","178677","spotify:user:yaydevally","2017-12-18T13:46:11Z"
"spotify:track:5nAAagpXyHsLOiT4VaTHQk","Be Cool","Ackryte","Realize","1","8","111181","spotify:user:yaydevally","2017-12-18T13:55:15Z"
"spotify:track:4fQriFiNSZBfu7CgH3RgFT","The Thing","Urbs & Cutex","Peace Talks!","1","1","230253","spotify:user:yaydevally","2017-12-18T13:55:22Z"
"spotify:track:1eQWMJf7XjLgLDREpq0x78","Registrarse - Original","Luke Vibert","Rhythm","1","2","265746","spotify:user:yaydevally","2017-12-18T13:55:40Z"
"spotify:track:5PVch8MJ8offHbto41cHxt","Sunrays - Moods Remix","Catching Flies","The Stars","1","4","247832","spotify:user:yaydevally","2017-12-18T13:55:54Z"
"spotify:track:6tLZmt8bDpYlBS9IkqwSJz","Pass the Pen","Seb Wildblood","Pass The Pen","1","1","206334","spotify:user:yaydevally","2017-12-21T08:51:38Z"
"spotify:track:40TMWT4FHQKrbb6NgfWAJ5","Pineapple","Blue Lab Beats, Moses Boyd, Nérija","Pineapple","1","1","196586","spotify:user:yaydevally","2017-12-21T08:56:51Z"
"spotify:track:5PCaRuwBlifGTq0yNfV5r2","Hold - Alternate Take","Nubya Garcia","Nubya's 5ive","1","6","329570","spotify:user:yaydevally","2017-12-21T09:04:25Z"
"spotify:track:7jIE9yaNiRlm3KqyFeSQiX","Journey in Satchidananda","Matthew Halsall, Gondwana Orchestra","Journey in Satchidananda / Blue Nile","1","1","406234","spotify:user:yaydevally","2017-12-21T09:09:45Z"
"spotify:track:2GmNY4AtNQ6bfAwdfQaQSp","Jump Off (Remastered)","Lotus ","Nomad (Remastered Version) [Live 6.08.2013]","1","8","352613","spotify:user:yaydevally","2017-12-26T11:46:51Z"
"spotify:track:0KBjFrKkWhJMjdLX1wBgzg","You Know, You Know","John McLaughlin, Mahavishnu Orchestra","The Inner Mounting Flame","1","7","307400","spotify:user:yaydevally","2017-12-26T12:47:30Z"
"spotify:track:1yeIxOEFmpQ3qlOb2R3g2m","The Ghetto","Donny Hathaway","Everything Is Everything","1","8","413773","spotify:user:yaydevally","2017-12-29T11:47:56Z"
"spotify:track:4O1EDENIoSuEXYa80yl7kX","Champagne Cola","chuckee.","Champagne Cola","1","1","146880","spotify:user:yaydevally","2018-01-02T18:24:46Z"
"spotify:track:277R0tMsyJ4JyCHwDad5Ce","passion","eevee","beat tape 04","1","6","203659","spotify:user:yaydevally","2018-01-02T18:40:27Z"
"spotify:track:6SjiaKv1P4DCwNWBpAEilV","2:06 a.m.","idntrmmbr","2:06 a.m. ?","1","1","193469","spotify:user:yaydevally","2018-01-02T18:44:09Z"
"spotify:track:0BD9XqvXSSxlHsdBlLKhqA","Feblu","Flughand","EXPEDITion Vol. 7: Moonloops","1","2","93635","spotify:user:yaydevally","2018-01-02T18:53:17Z"
"spotify:track:7MxU8qFoLxDSvW74mdNA7C","descisions","Knowmadic","descisions","1","1","148117","spotify:user:yaydevally","2018-01-02T19:12:41Z"
"spotify:track:3izuaLqYKLPLargJXoErNk","Lakshmana","Made in M, Smuv","Nest","1","16","114500","spotify:user:yaydevally","2018-01-02T19:19:01Z"
"spotify:track:4fZYzz6EpySAtyBb5Xciqa","Ammi Ammi","Archy Marshall, Jamie Isaac","A New Place 2 Drown","1","4","209839","spotify:user:yaydevally","2018-01-03T13:33:47Z"
"spotify:track:6t8WhCwP2MGapYVqhjVLF3","Sun","Author","Author","1","2","369406","spotify:user:yaydevally","2018-01-06T13:10:12Z"
"spotify:track:6aJTVrFIZCbF2YzY9g0q1y","Dashiki","Author","Author","1","5","189121","spotify:user:yaydevally","2018-01-06T13:28:38Z"
"spotify:track:41WpQ6DMoSIn8SpNyAE1xq","Swing On Her Shoes Movement II","The Raah Project","Score","1","6","238315","spotify:user:yaydevally","2018-01-06T13:30:29Z"
"spotify:track:79SEew045ss4KEhs08MXpg","Emergency","Faithless","To All New Arrivals","1","11","464853","spotify:user:yaydevally","2018-01-06T13:49:35Z"
"spotify:track:1g020QdmGLGcBKiapLRonG","Someone Like You","Sublab","Someone Like You","1","1","336923","spotify:user:yaydevally","2018-01-06T13:50:12Z"
"spotify:track:3g0kWrJ7wKRrgGp2pOR4Ff","Seaside","Oldtwig","Seaside, Vol. 1","1","1","300175","spotify:user:yaydevally","2018-01-06T13:51:02Z"
"spotify:track:7kB5KXbxQTGNfwHuv1Gt1f","Sit Back, See The World","Bias","Time & Tide","1","3","216373","spotify:user:yaydevally","2018-01-06T13:52:20Z"
"spotify:track:6iCQdVyQF5RfMEJWS031Og","Nami","Frameworks","Kings","1","5","228742","spotify:user:yaydevally","2018-01-06T13:55:02Z"
"spotify:track:3GSvmyr6QtuAfvndVu6NRx","Reine","il:lo, Brain Blake","Places EP","1","2","292658","spotify:user:yaydevally","2018-01-06T13:55:51Z"
"spotify:track:3oLZmhiu0ZQuTPeE7oLn0q","Kelele","il:lo","Vega","1","5","323752","spotify:user:yaydevally","2018-01-06T13:57:25Z"
"spotify:track:0QWFdE8pLiKLdU2oWZNghb","Stay Alone","Apanemic","A Thousand Secrets","1","1","252086","spotify:user:yaydevally","2018-01-06T13:58:53Z"
"spotify:track:1pIZm2YoEH6VhTQENOWjxl","A Thousand Secrets","Apanemic","A Thousand Secrets","1","2","217698","spotify:user:yaydevally","2018-01-06T13:59:11Z"
"spotify:track:3SfZYQKmEqcgH6TXJStW1s","Too Late","Apanemic","A Thousand Secrets","1","4","275559","spotify:user:yaydevally","2018-01-06T13:59:20Z"
"spotify:track:2dOcuMfs1hEE5289HMeb8C","Parlor Magic","L'Orange","The Ordinary Man","1","4","150493","spotify:user:yaydevally","2018-01-06T14:02:01Z"
"spotify:track:768RRGTrlACZwJDvVmMBbz","The Love/Hate Relationship Between Rabbits & Magic","L'Orange","The Ordinary Man","1","6","132773","spotify:user:yaydevally","2018-01-06T14:02:26Z"
"spotify:track:2PNJAqh6P24DYyFQkx1Nqt","Forgive Me","Blue Sky Black Death","Late Night Cinema","1","8","288640","spotify:user:yaydevally","2018-01-06T14:06:44Z"
"spotify:track:2rnAYh7REAMGYqJUXJKZZK","Horn in the middle","Nujabes","Metaphorical Music","1","2","248600","spotify:user:yaydevally","2018-01-06T14:07:42Z"
"spotify:track:2csdd679hni5tQsW8lkEV1","Next view (feat. Uyama Hiroto)","Nujabes, Uyama Hiroto","Metaphorical Music","1","10","275693","spotify:user:yaydevally","2018-01-06T14:09:08Z"
"spotify:track:0HcER1wQTpoZ5scc7S2Tkz","Burned Bridges","Sense Of The Q4","Project Mooncircle 10th Anniversary Compilation","1","20","171360","spotify:user:yaydevally","2018-01-06T14:11:50Z"
"spotify:track:5xEjuJLH2tlCYC5r0YZrPN","Start Movin '","DJ Devastate","Movement / Silence","1","1","139080","spotify:user:yaydevally","2018-01-06T14:13:59Z"
"spotify:track:23g1rCtLLwF44oaCYRdO93","Dont Stop ft. Segerfalk","DJ Devastate","Movement / Silence","1","3","164400","spotify:user:yaydevally","2018-01-06T14:14:19Z"
"spotify:track:2jVzPPNTX9rabazX731uZK","Takin'It Slow","DJ Devastate","Movement / Silence","1","8","182013","spotify:user:yaydevally","2018-01-06T14:15:09Z"
"spotify:track:6SHLblvcC5YcsgJWbK83MV","Nothing To Be Done (Interlude)","Horrorshow","Inside Story","1","6","159293","spotify:user:yaydevally","2018-01-06T14:16:59Z"
"spotify:track:6gnwFwpKhnONePCcVsdXZd","Day Dreaming","Inf","The Go Round","1","14","136733","spotify:user:yaydevally","2018-01-06T14:17:50Z"
"spotify:track:6T70d2BK5jR4x8JHNz1SXQ","Power Moves, Baby","Inf","The Go Round","1","15","126280","spotify:user:yaydevally","2018-01-06T14:18:05Z"
"spotify:track:5MlVlWG1J3G6ea5tevxIZt","Rubber Dubby","Inf","The Go Round","1","7","110200","spotify:user:yaydevally","2018-01-06T14:18:19Z"
"spotify:track:08v0HBULIXp9sdK64gcJ33","Reykjavik Blues","Inf","The Go Round","1","3","126853","spotify:user:yaydevally","2018-01-06T14:18:51Z"
"spotify:track:12je1bZdZblrTDRPb2jb0p","Suit Up - Instrumental","Inf","Segmenten Instrumentals","1","6","210294","spotify:user:yaydevally","2018-01-06T14:19:09Z"
"spotify:track:1STw1pNXpdlKzau2laW7bn","Wolves","Otso","Unia","1","5","186461","spotify:user:yaydevally","2018-01-06T14:21:18Z"
"spotify:track:4d0HDzsFKP8CCnsihmcvEg","Perspective","Otso","Unia","1","6","175384","spotify:user:yaydevally","2018-01-06T14:21:29Z"
"spotify:track:4YWLsfzFrBfFUsMrWLtvju","Sun Goddess","Yesterday's New Quintet","Angles Without Edges","1","15","237746","spotify:user:yaydevally","2018-01-07T09:35:01Z"
"spotify:track:60wBXX022vvTxawrHTgiHG","lovers carvings (letherette remix)","Bibio","The Apple And The Tooth","1","8","167946","spotify:user:yaydevally","2018-01-07T09:35:14Z"
"spotify:track:6zKgdxxZLgdKYq3gR77fr0","Ekans","Molife","Beet Tape","1","3","140109","spotify:user:yaydevally","2018-01-07T09:35:29Z"
"spotify:track:1YI6wLnlhRIYCBq5vg2tfx","Smoke & Mirrors","TOKiMONSTA","Cosmic Intoxication","1","3","218506","spotify:user:yaydevally","2018-01-07T09:36:47Z"
"spotify:track:78yTAolWVijUyJMeZS4tD8","Into My Life","Ron Basejam","Deep And Meaningless","1","4","342266","spotify:user:yaydevally","2018-01-07T09:36:57Z"
"spotify:track:4LHJmwqTJmECv7Z2tpY7V9","Whispers, Pt. 1","Culprate","Deliverance","1","1","356600","spotify:user:yaydevally","2018-01-07T09:38:30Z"
"spotify:track:5fDMSoh6h3hlSkRnTpHnRd","Bittersweet","baaskaT","Flickshots & Quickscopes","1","1","86000","spotify:user:yaydevally","2018-01-07T09:38:42Z"
"spotify:track:2YH4yFAcNkH2mXsjYuuqlK","Some Jazz Shit","FaltyDL","In The Wild","1","16","372309","spotify:user:yaydevally","2018-01-07T09:39:05Z"
"spotify:track:6f1S3mOpU4TeoTZOJCmRXl","King Bromeliad","Floating Points","King Bromeliad / Montparnasse","1","1","532499","spotify:user:yaydevally","2018-01-07T09:39:14Z"
"spotify:track:4sJ2P7azTWHbOXPIdTfwQy","Revenge Of The Number - LM Version","Portishead","Revenge Of The Number","1","1","385542","spotify:user:yaydevally","2018-01-07T09:40:41Z"
"spotify:track:45RzfcHg8xbDwylM5d8Bg9","Blazing The Crop","Rae & Christian","Sleepwalking","1","1","126458","spotify:user:yaydevally","2018-01-07T09:41:02Z"
"spotify:track:59vqOeRwV5wYevUCgyGxgX","A Million and One Things To Do - Instrumental","Time Machine","Slow Your Roll Instrumentals","1","2","222040","spotify:user:yaydevally","2018-01-07T09:41:17Z"
"spotify:track:1JVfjwfsrR2Mm79zppK5PX","Pizza Pizza","Bugseed","Soundcraft","1","12","91835","spotify:user:yaydevally","2018-01-07T09:41:31Z"
"spotify:track:35F09GbNj5qWsgUEyeVYiU","Coloring Book","Blockhead","Uncle Tony's Coloring Book","1","1","300426","spotify:user:yaydevally","2018-01-07T09:42:00Z"
"spotify:track:3XqX8mnBDBonmRz9tBWcFn","SeeSea","Machinedrum","Vapor City","1","7","256836","spotify:user:yaydevally","2018-01-07T09:42:14Z"
"spotify:track:52DKJGMSpY7dGZH795ddbX","Whole Wide World - Instrumental","Flying Lotus","Whole Wide World","1","2","286880","spotify:user:yaydevally","2018-01-07T09:42:35Z"
"spotify:track:2YdgfEjUO1qhG9j2R58HES","Homewards","Mndsgn","Yawn Zen","1","2","151303","spotify:user:yaydevally","2018-01-07T09:42:45Z"
"spotify:track:4zwHUFfiBp8qLlSfh4POmu","Abeja","Mndsgn, Sofie","Sofie's SOS Tape","1","6","219149","spotify:user:yaydevally","2018-01-07T09:43:28Z"
"spotify:track:7HSLK0aJ8Ux6i3o0bQRNsK","Slime","Samiyam","Pizza Party","1","1","173039","spotify:user:yaydevally","2018-01-07T09:44:24Z"
"spotify:track:1xMlmk36Nh6sfs2xyLgBgQ","The Look Up","Hint","Portakabin Fever","1","2","286360","spotify:user:yaydevally","2018-01-07T10:26:44Z"
"spotify:track:73QTWtAYzzLNhkNICcVQxo","3 Play It Cool - Original Mix","Crazy Penis","A Nice Hot Bath With (Remastered)","1","3","381712","spotify:user:yaydevally","2018-01-08T08:54:35Z"
"spotify:track:1KDtDxCUEv2YwTpcBEsI9Q","Journey","Phaeleh","Tides","1","1","302537","spotify:user:yaydevally","2018-01-08T13:14:22Z"
"spotify:track:6dhmX4mMhZhKYsk8zlUzty","1st Session","Louis Bordeaux","Lets Love Life","1","11","250320","spotify:user:yaydevally","2018-01-08T13:22:50Z"
"spotify:track:17mkbR3Av28d2OoRxXaANP","The Crew","FDEL","Audiofdelity","1","9","271572","spotify:user:yaydevally","2018-01-14T13:02:14Z"
"spotify:track:1Dc8RqTIAsNkMijc94lqjD","Days Gone","Tor","Blue Book","1","4","265995","spotify:user:yaydevally","2018-01-14T13:09:12Z"
"spotify:track:5MbMosoR0maybUdtx9bSdP","De Janeiro","Bodikhuu","Rio","1","1","184667","spotify:user:yaydevally","2018-01-15T10:24:24Z"
"spotify:track:27IhRmQOwFXI7cnhcHzra1","Jah Love","Folamour","Umami","1","9","466169","spotify:user:yaydevally","2018-01-15T10:30:20Z"
"spotify:track:3YBzfFmXV5Awj7xKPEkMlR","Brazze Séquence","Millennium Jazz Music, Tehu","Project Canada: On the Radar, Vol. 1","1","1","183669","spotify:user:yaydevally","2018-01-15T10:33:45Z"
"spotify:track:3TBp9I5mot6cCr0ON1GEHX","The Moon","digitalluc","Moonsession","1","1","143712","spotify:user:yaydevally","2018-01-15T15:48:13Z"
"spotify:track:3lKV7yovr1fYknpKaaIDFm","Runner","Mr. Carmack","Blu EP","1","4","170193","spotify:user:yaydevally","2018-01-15T17:39:22Z"
"spotify:track:6s1T6MBlgNrhYAfyS7KyoE","Kittylitter","Swarvy","Scotch","1","1","210299","spotify:user:yaydevally","2018-01-15T17:42:28Z"
"spotify:track:0BygfOQUgLh4F2B2Cp9rKL","Ah Yeah","DJ Logic","Are You Ready","1","2","263294","spotify:user:yaydevally","2018-01-15T17:49:10Z"
"spotify:track:6hCpKWUudozRmDFsfZ7Mmf","There's A Light","Bushy","Hiya!","1","8","282360","spotify:user:yaydevally","2018-01-17T10:28:44Z"
"spotify:track:6UE9nzBIICDcPYlKPNvcad","Picturesque Storm","Damu The Fudgemunk","Spare Overtime Re-Inspired","1","9","140573","spotify:user:yaydevally","2018-01-17T10:55:33Z"
"spotify:track:3spNIxZ6KTcczOgjQuVFGv","Dead Cat in the Parking Lot","Birocratic","Replaced","1","5","184136","spotify:user:yaydevally","2018-01-17T11:04:28Z"
"spotify:track:3xJNQ59FF5PhiWbZHkkDrC","Moonchild","Flako","Mesektet Extnd","1","1","121826","spotify:user:yaydevally","2018-01-22T07:36:10Z"
"spotify:track:0Oa1psYTKQfLsJPIpVcMlJ","Cut The Jazz","De-Phazz","Detunized Gravity","1","5","312226","spotify:user:yaydevally","2018-01-29T16:44:46Z"
"spotify:track:2vTXcaiTk5N3g6JJNzmC80","She's Between","George Fields","Beyond Realm","1","20","169122","spotify:user:yaydevally","2018-01-29T16:44:55Z"
"spotify:track:4knU026rvLjRxwOW293S9p","Drum In The Day, To Sing At Night","Dday One","Journal | Extended","1","1","290177","spotify:user:yaydevally","2018-01-29T16:47:46Z"
"spotify:track:3C4fc2KMJg2cZxZNSO5jJK","Seven Days to Live - Frederic Robinson Remix","London Elektricity, Emer Dineen","Are We There Yet? (The Med School Scans)","1","3","234386","spotify:user:yaydevally","2018-01-29T16:50:22Z"
"spotify:track:73cn6vDBBOS74HXf27l9t4","Parallel Jalebi","Four Tet","Beautiful Rewind","1","2","233882","spotify:user:yaydevally","2018-01-29T16:59:21Z"
"spotify:track:0u7IzJIDB2TzFV30W9w01z","Well I Gotta Story","Evolve","Happy Hour in the Gene Pool (Remastered)","1","2","284977","spotify:user:yaydevally","2018-01-29T17:02:21Z"
"spotify:track:0akVWdFxixEOVThZ38pVG0","Moca","Thoma","Thoma","1","4","254400","spotify:user:yaydevally","2018-01-29T17:04:29Z"
"spotify:track:4LL5xqnUvCAE4a7i7j15TN","likeoverr","Sugar Cane Davis","Nowunshere","1","7","108506","spotify:user:yaydevally","2018-02-06T12:00:24Z"
"spotify:track:3gVnJfv4D11blFoUjZ6Jro","It's Like Love","Coubo","Selcouth","1","7","205061","spotify:user:yaydevally","2018-02-06T12:14:40Z"
"spotify:track:6qDHLX0SDkD5AcvEpYRalc","Live by the Day","Skinshape","Skinshape","1","1","342540","spotify:user:yaydevally","2018-02-06T12:21:19Z"
"spotify:track:7qtGEuqlgM5raMFpKk5Ern","4D Anxiety","Youandewan","There Is No Right Time","1","10","339732","spotify:user:yaydevally","2018-02-06T12:32:53Z"
"spotify:track:40LdkY3tDfhOooaQ8bRgVI","Winter In America","Fiendsh","To The End","1","2","247507","spotify:user:yaydevally","2018-02-06T12:37:23Z"
"spotify:track:23DWlWzVPv7LVozIuCfjK9","Blue Eyed Bitter","Aeroc","Viscous Solid","1","11","228026","spotify:user:yaydevally","2018-02-06T12:42:16Z"
"spotify:track:4CPAzsoJ5Vsgg6uqeKyczZ","Ain't no More Flowers","Deadbeat","Walls and Dimensions","1","1","420124","spotify:user:yaydevally","2018-02-06T12:47:02Z"
"spotify:track:5E36jz0CoZAiZFSKc8eZtW","Stimulus","Moods","Another Point of View","1","3","273972","spotify:user:yaydevally","2018-02-06T12:52:53Z"
"spotify:track:7HsFj6rNC5xW0apgivsQA0","Step With","Mono:Massive","The Chronic","1","4","164000","spotify:user:yaydevally","2018-02-06T13:01:34Z"
"spotify:track:6n5L5qcSfBH7s1l3yxk3l4","Between I Am and You Are","Don Philippe","Between Now and Now","1","2","192000","spotify:user:yaydevally","2018-02-06T13:01:42Z"
"spotify:track:6S04Q1qPvZA8U94UlVyJmV","Love","DJ Babu","The Beat Tape, Vol. 1","1","9","86186","spotify:user:yaydevally","2018-02-06T13:01:48Z"
"spotify:track:7udBN4QLX0JOHCujK6197C","Compromizzze","Phemenine","Compromizzze","1","1","166687","spotify:user:yaydevally","2018-02-06T13:05:47Z"
"spotify:track:3yzb18zfVllY2TBxpuDoef","Hell & Back","Derlee, Daily Bread","Divided Souls","1","3","280869","spotify:user:yaydevally","2018-02-06T13:05:59Z"
"spotify:track:49e1Phvzfavdeh5jjdtwCx","Au revoir","Point Point","Family Portrait EP","1","3","173986","spotify:user:yaydevally","2018-02-06T13:09:50Z"
"spotify:track:28xaS6V1dhQPVvd3i7svE6","Ode to the Pleiades","Clap! Clap!","A Thousand Skies","1","7","361749","spotify:user:yaydevally","2018-02-17T18:22:03Z"
"spotify:track:6NZEAaLMSYQ8vuyw32dg5c","Invariant","BluntOne","Tales of 16 Pads","1","3","145908","spotify:user:yaydevally","2018-02-17T18:27:58Z"
"spotify:track:0naywxCEzRk9jseDcgmh4v","Blue Skies - Unquote Remix","Blu Mar Ten","Love is the Devil Remixes, Pt. 2","1","2","273040","spotify:user:yaydevally","2018-02-17T18:42:22Z"
"spotify:track:44s0qq71Jo2jJFWMR3UF7H","Loose Ends","Hardkandy","Last to Leave","1","8","248826","spotify:user:yaydevally","2018-02-17T19:01:44Z"
"spotify:track:3atM1l78L1TkMP5AxiDFrY","Orange Evening","DWIG","Big Tales","1","1","431049","spotify:user:yaydevally","2018-02-20T16:09:19Z"
"spotify:track:74RR51y4gOTeJQuCUQrPrW","Babe","Evenings","Yore","1","7","172252","spotify:user:yaydevally","2018-02-22T11:39:31Z"
"spotify:track:06WLLVmw2XWZ4kThwTUfA9","Liquid Season","Protassov","Shalina Music","1","1","250626","spotify:user:yaydevally","2018-02-26T09:07:35Z"
"spotify:track:52VCBf5hOKIU4ghovGboEK","Help Coco","Fab Beat","Help Coco","1","1","210428","spotify:user:yaydevally","2018-02-26T09:13:20Z"
"spotify:track:0ZcU3tpIo70h1xfjPcvt4u","Sweet Something","Will Magid, Alligator Spacewalk","Alligator Spacewalk","1","4","224960","spotify:user:yaydevally","2018-02-26T09:16:25Z"
"spotify:track:0DvIEkbQegTwAN3VKZDwpj","Somnium - Original Mix","Congi","Deep Heads Dubstep Volume 1","1","7","334217","spotify:user:yaydevally","2018-02-28T12:35:56Z"
"spotify:track:50wtDepRQeJJAX3gY1lcSK","New Forms","Roni Size, Reprazent, Bahamadia","New Forms (Disc 2)","1","3","464733","spotify:user:yaydevally","2018-03-05T12:20:28Z"
"spotify:track:1Ow1W9GnwZr76XVgL7uihD","Under the Sea","Jungle52","Best of Series","1","7","107467","spotify:user:yaydevally","2018-03-11T16:18:14Z"
"spotify:track:4KPOwTkLW8SSJDQyXR5dez","Summer Dreams","Skream","Skream!","1","11","478013","spotify:user:yaydevally","2018-03-11T16:23:28Z"
"spotify:track:6Y6fo7BjyFOFUdANzbxCMV","Storm (feat. Chris Lorenzo)","Justin Jay, Chris Lorenzo","Storm (feat. Chris Lorenzo)","1","1","374125","spotify:user:yaydevally","2018-03-11T16:42:04Z"
"spotify:track:0AOfgFuYDyOfwhmAwygYCR","Return to the Moon","Desmond Cheese","Space and Time","1","4","440173","spotify:user:yaydevally","2018-03-12T07:07:59Z"
"spotify:track:2w6kJXIR0ViSHfz4SZWhVD","Purple & Orange","Welder, Brendan Angelides","Vines & Stream","1","3","448253","spotify:user:yaydevally","2018-03-12T07:10:16Z"
"spotify:track:1hTawwEMjeX9ne0lHLd9jq","Soul Vibration","J-Walk","A Night On The Rocks","1","3","224266","spotify:user:yaydevally","2018-03-12T17:42:57Z"
"spotify:track:3KyuU54Ui0dTtCI2Xkfkrh","Oasis","Ashra","Correlations","1","3","226240","spotify:user:yaydevally","2018-03-18T21:34:52Z"
"spotify:track:0aE3yX4oHyn8nSCx3BE4U8","Mr. White","Khruangbin","The Universe Smiles Upon You","1","1","298439","spotify:user:yaydevally","2018-03-18T21:42:20Z"
"spotify:track:6CLM7MaaZgp1ublu1VYy8o","LA to the Bay","PillowTalk","Je Ne Sais Quoi","1","12","155456","spotify:user:yaydevally","2018-03-19T12:13:19Z"
"spotify:track:7kkCEuwVBNDo21m1wVv9gk","The Last Pulsar","Dirtwire","RipTide","1","6","262042","spotify:user:yaydevally","2018-03-19T12:15:48Z"
"spotify:track:5W5yTxsV46wZrBXfVZOkrs","Take Out","Brian Witzig","The Iron Horse","1","8","284680","spotify:user:yaydevally","2018-03-19T12:22:42Z"
"spotify:track:13VTI8Azbyt0HW8XEMZIKY","Acid Raindrops - Instrumental","People Under The Stairs","Acid Raindrops","1","2","264152","spotify:user:yaydevally","2018-03-19T12:23:12Z"
"spotify:track:0Husbo4OjGpd4rihtwVU20","From Ghettos to Galaxies","Figub Brazlevic, Noritsu, Bluestaeb","Expedition Vol. 1: From Ghettos to Galaxies","1","1","232000","spotify:user:yaydevally","2018-03-19T12:25:34Z"
"spotify:track:3wrbfEUlh8wU5kDZ6SgeiM","Owl Beach II","Yppah","Tiny Pause","1","5","336400","spotify:user:yaydevally","2018-03-19T12:27:10Z"
"spotify:track:4R5S8ujRZefqSBGnDpCK6b","Lalala - Instrumental","Klaus Layer","Society Collapse","1","13","225706","spotify:user:yaydevally","2018-03-19T12:28:58Z"
"spotify:track:4PEWmUoHZhNENLbOcunmMr","Poppy's Song","Big Muff","Music From The Aural Exciter","1","6","318133","spotify:user:yaydevally","2018-03-21T08:14:00Z"
"spotify:track:3N3HpcVZGHKRz94fox04t1","Kolido","Dauwd","Ghostly Swim 2","1","6","411003","spotify:user:yaydevally","2018-03-21T08:19:10Z"
"spotify:track:6QsEMC07RrsuMTaTrSLmRh","Duluoz Dream","Sal Dulu","Duluoz Dream","1","1","225440","spotify:user:yaydevally","2018-03-24T16:28:28Z"
"spotify:track:2GuKrwTwOBXrYzv2zRk3KK","Rainmaker","Aurka, Haley Grey","Meraki","1","3","309090","spotify:user:yaydevally","2018-03-24T16:31:25Z"
"spotify:track:10oQov5FDhyrXhsK3fbCXC","The Dark Streets","Tall Black Guy","8 Miles to Moenart","1","2","391509","spotify:user:yaydevally","2018-03-27T08:18:14Z"
"spotify:track:7v1HviFnsDEfwtFY2qx7TT","That Swing","Soul Square","Soul Square","1","6","253266","spotify:user:yaydevally","2018-03-27T08:31:29Z"
"spotify:track:5TzE9p0Gw0eTjrz9rZUYTi","Don't Hold Ya Breath","Marcus D","Melancholy Hopeful (Instrumental Version)","1","1","262815","spotify:user:yaydevally","2018-03-27T08:32:11Z"
"spotify:track:11LLPA6JHS6MEyCICl4egn","Memories","Proleter","Feeding the Lions EP","1","6","169333","spotify:user:yaydevally","2018-03-27T08:45:34Z"
"spotify:track:7kXm8EI4VOaStwKITEXzmO","Indian Slap","Carpet Patrol","Carpet Patrol","1","8","111360","spotify:user:yaydevally","2018-03-27T08:46:49Z"
"spotify:track:0d9rXl8jMY45BdVZ0tcCoK","Japanese Electronics - Instra:Mental Moog Remix","Commix","Re:Call to Mind","1","1","338826","spotify:user:yaydevally","2018-03-27T08:59:38Z"
